"date_ab","site_ab","identification_ab","abondance"
"2021-10-01","100_92_R01","Baetis",3
"2021-10-01","100_92_R01","Ephemerella",40
"2021-10-01","100_92_R01","Eurylophella",1
"2021-10-01","100_92_R01","Epeorus",8
"2021-10-01","100_92_R01","Leucrocuta",3
"2021-10-01","100_92_R01","Leptophlebiidae",12
"2021-10-01","100_92_R01","Glossosoma",3
"2021-10-01","100_92_R01","Hydropsychidae",2
"2021-10-01","100_92_R01","Ceratopsyche",21
"2021-10-01","100_92_R01","Hydropsyche",2
"2021-10-01","100_92_R01","Lepidostoma",9
"2021-10-01","100_92_R01","Hydatophylax | Pycnopsyche",1
"2021-10-01","100_92_R01","Dolophilodes",6
"2021-10-01","100_92_R01","Rhyacophila",1
"2021-10-01","100_92_R01","Paracapnia",1
"2021-10-01","100_92_R01","Sweltsa",7
"2021-10-01","100_92_R01","Leuctra",1
"2021-10-01","100_92_R01","Acroneuria",5
"2021-10-01","100_92_R01","Isoperla",1
"2021-10-01","100_92_R01","Probezzia",2
"2021-10-01","100_92_R01","Ceratopogon",1
"2021-10-01","100_92_R01","Tanytarsini",38
"2021-10-01","100_92_R01","Orthocladiinae",13
"2021-10-01","100_92_R01","Pentaneurini",4
"2021-10-01","100_92_R01","Hemerodromia",2
"2021-10-01","100_92_R01","Simulium",1
"2021-10-01","100_92_R01","Antocha",1
"2021-10-01","100_92_R01","Dicranota",1
"2021-10-01","100_92_R01","Hexatoma",2
"2021-10-01","100_92_R01","Tipula",1
"2021-10-01","100_92_R01","Promoresia",3
"2021-10-01","100_92_R01","Boyeria",5
"2021-10-01","100_92_R01","Cordulegaster",3
"2021-10-01","100_92_R01","Acari",7
"2021-10-01","100_92_R01","Pisidium",12
"2019-09-21","105_101_R01","Ephemerella",19
"2019-09-21","105_101_R01","Eurylophella",7
"2019-09-21","105_101_R01","Epeorus",11
"2019-09-21","105_101_R01","Leucrocuta",8
"2019-09-21","105_101_R01","Maccaffertium",4
"2019-09-21","105_101_R01","Rhithrogena",1
"2019-09-21","105_101_R01","Leptophlebiidae",12
"2019-09-21","105_101_R01","Hydropsychidae",1
"2019-09-21","105_101_R01","Ceratopsyche",13
"2019-09-21","105_101_R01","Cheumatopsyche",1
"2019-09-21","105_101_R01","Lepidostoma",29
"2019-09-21","105_101_R01","Ceraclea",2
"2019-09-21","105_101_R01","Limnephilidae",1
"2019-09-21","105_101_R01","Hydatophylax | Pycnopsyche",2
"2019-09-21","105_101_R01","Dolophilodes",6
"2019-09-21","105_101_R01","Polycentropus",3
"2019-09-21","105_101_R01","Isoperla",2
"2019-09-21","105_101_R01","Taeniopteryx",2
"2019-09-21","105_101_R01","Atherix",3
"2019-09-21","105_101_R01","Probezzia",1
"2019-09-21","105_101_R01","Chironomidae",3
"2019-09-21","105_101_R01","Chironomini",31
"2019-09-21","105_101_R01","Tanytarsini",23
"2019-09-21","105_101_R01","Orthocladiinae",7
"2019-09-21","105_101_R01","Pentaneurini",3
"2019-09-21","105_101_R01","Hemerodromia",4
"2019-09-21","105_101_R01","Simulium",3
"2019-09-21","105_101_R01","Cordulegaster",1
"2019-09-21","105_101_R01","Corduliidae",1
"2019-09-21","105_101_R01","Gomphidae",5
"2019-09-21","105_101_R01","Pisidium",3
"2019-09-21","105_101_R01","Oligochaeta",20
"2020-09-17","108_119_R01","Baetis",3
"2020-09-17","108_119_R01","Ephemerella",13
"2020-09-17","108_119_R01","Eurylophella",1
"2020-09-17","108_119_R01","Epeorus",3
"2020-09-17","108_119_R01","Leucrocuta",2
"2020-09-17","108_119_R01","Maccaffertium",13
"2020-09-17","108_119_R01","Isonychia",3
"2020-09-17","108_119_R01","Leptophlebiidae",2
"2020-09-17","108_119_R01","Micrasema",2
"2020-09-17","108_119_R01","Glossosoma",1
"2020-09-17","108_119_R01","Goera",1
"2020-09-17","108_119_R01","Helicopsyche",1
"2020-09-17","108_119_R01","Hydropsychidae",3
"2020-09-17","108_119_R01","Ceratopsyche",25
"2020-09-17","108_119_R01","Cheumatopsyche",2
"2020-09-17","108_119_R01","Lepidostoma",4
"2020-09-17","108_119_R01","Chimarra",5
"2020-09-17","108_119_R01","Dolophilodes",7
"2020-09-17","108_119_R01","Rhyacophila",1
"2020-09-17","108_119_R01","Leuctra",1
"2020-09-17","108_119_R01","Acroneuria",3
"2020-09-17","108_119_R01","Paragnetina",1
"2020-09-17","108_119_R01","Taeniopteryx",1
"2020-09-17","108_119_R01","Atherix",2
"2020-09-17","108_119_R01","Probezzia",1
"2020-09-17","108_119_R01","Chironomini",1
"2020-09-17","108_119_R01","Tanytarsini",13
"2020-09-17","108_119_R01","Orthocladiinae",5
"2020-09-17","108_119_R01","Pentaneurini",3
"2020-09-17","108_119_R01","Hemerodromia",2
"2020-09-17","108_119_R01","Optioservus",1
"2020-09-17","108_119_R01","Promoresia",3
"2020-09-17","108_119_R01","Boyeria",2
"2020-09-17","108_119_R01","Ophiogomphus",1
"2020-09-17","108_119_R01","Acari",1
"2020-09-17","108_119_R01","Pisidium",115
"2020-09-17","108_119_R01","Sphaerium",10
"2020-09-17","108_119_R01","Oligochaeta",1
"2021-09-13","113_113_R01","Plauditus",1
"2021-09-13","113_113_R01","Ephemerella",8
"2021-09-13","113_113_R01","Eurylophella",2
"2021-09-13","113_113_R01","Heptageniidae",1
"2021-09-13","113_113_R01","Epeorus",8
"2021-09-13","113_113_R01","Leucrocuta",21
"2021-09-13","113_113_R01","Maccaffertium",5
"2021-09-13","113_113_R01","Leptophlebiidae",14
"2021-09-13","113_113_R01","Glossosoma",3
"2021-09-13","113_113_R01","Ceratopsyche",6
"2021-09-13","113_113_R01","Lepidostoma",12
"2021-09-13","113_113_R01","Chimarra",9
"2021-09-13","113_113_R01","Dolophilodes",3
"2021-09-13","113_113_R01","Neureclipsis",2
"2021-09-13","113_113_R01","Polycentropus",3
"2021-09-13","113_113_R01","Paracapnia",1
"2021-09-13","113_113_R01","Alloperla",1
"2021-09-13","113_113_R01","Leuctra",4
"2021-09-13","113_113_R01","Acroneuria",6
"2021-09-13","113_113_R01","Paragnetina",2
"2021-09-13","113_113_R01","Probezzia",3
"2021-09-13","113_113_R01","Chironomini",8
"2021-09-13","113_113_R01","Tanytarsini",18
"2021-09-13","113_113_R01","Orthocladiinae",7
"2021-09-13","113_113_R01","Pentaneurini",1
"2021-09-13","113_113_R01","Hemerodromia",3
"2021-09-13","113_113_R01","Neoplasta",1
"2021-09-13","113_113_R01","Simulium",1
"2021-09-13","113_113_R01","Promoresia",3
"2021-09-13","113_113_R01","Stenelmis",8
"2021-09-13","113_113_R01","Boyeria",2
"2021-09-13","113_113_R01","Gomphidae",1
"2021-09-13","113_113_R01","Ophiogomphus",2
"2021-09-13","113_113_R01","Pisidium",56
"2021-09-13","113_113_R01","Oligochaeta",9
"2021-09-22","122_111_R01","Acerpenna",2
"2021-09-22","122_111_R01","Plauditus",1
"2021-09-22","122_111_R01","Ephemerella",29
"2021-09-22","122_111_R01","Eurylophella",1
"2021-09-22","122_111_R01","Serratella",20
"2021-09-22","122_111_R01","Epeorus",1
"2021-09-22","122_111_R01","Leucrocuta",1
"2021-09-22","122_111_R01","Maccaffertium",3
"2021-09-22","122_111_R01","Micrasema",8
"2021-09-22","122_111_R01","Ceratopsyche",16
"2021-09-22","122_111_R01","Hydroptila",4
"2021-09-22","122_111_R01","Lepidostoma",6
"2021-09-22","122_111_R01","Mystacides",1
"2021-09-22","122_111_R01","Dolophilodes",1
"2021-09-22","122_111_R01","Rhyacophila",2
"2021-09-22","122_111_R01","Leuctra",1
"2021-09-22","122_111_R01","Isoperla",1
"2021-09-22","122_111_R01","Taeniopteryx",4
"2021-09-22","122_111_R01","Atherix",1
"2021-09-22","122_111_R01","Probezzia",2
"2021-09-22","122_111_R01","Chironomini",4
"2021-09-22","122_111_R01","Tanytarsini",11
"2021-09-22","122_111_R01","Orthocladiinae",38
"2021-09-22","122_111_R01","Pentaneurini",2
"2021-09-22","122_111_R01","Hemerodromia",4
"2021-09-22","122_111_R01","Simulium",2
"2021-09-22","122_111_R01","Pseudolimnophila",1
"2021-09-22","122_111_R01","Tipula",1
"2021-09-22","122_111_R01","Promoresia",32
"2021-09-22","122_111_R01","Boyeria",1
"2021-09-22","122_111_R01","Pisidium",39
"2021-09-22","122_111_R01","Sphaerium",4
"2021-09-22","122_111_R01","Oligochaeta",2
"2021-10-14","122_84_R01","Baetis",1
"2021-10-14","122_84_R01","Ephemerella",12
"2021-10-14","122_84_R01","Serratella",6
"2021-10-14","122_84_R01","Heptageniidae",1
"2021-10-14","122_84_R01","Epeorus",16
"2021-10-14","122_84_R01","Leucrocuta",3
"2021-10-14","122_84_R01","Maccaffertium",7
"2021-10-14","122_84_R01","Leptophlebiidae",4
"2021-10-14","122_84_R01","Trichoptera",2
"2021-10-14","122_84_R01","Glossosoma",1
"2021-10-14","122_84_R01","Ceratopsyche",19
"2021-10-14","122_84_R01","Cheumatopsyche",3
"2021-10-14","122_84_R01","Lepidostoma",14
"2021-10-14","122_84_R01","Oecetis",2
"2021-10-14","122_84_R01","Limnephilidae",1
"2021-10-14","122_84_R01","Pycnopsyche",1
"2021-10-14","122_84_R01","Chimarra",23
"2021-10-14","122_84_R01","Dolophilodes",3
"2021-10-14","122_84_R01","Polycentropus",1
"2021-10-14","122_84_R01","Rhyacophila",4
"2021-10-14","122_84_R01","Neophylax",1
"2021-10-14","122_84_R01","Leuctra",3
"2021-10-14","122_84_R01","Acroneuria",12
"2021-10-14","122_84_R01","Paragnetina",2
"2021-10-14","122_84_R01","Taeniopteryx",13
"2021-10-14","122_84_R01","Strophopteryx",17
"2021-10-14","122_84_R01","Chironomini",23
"2021-10-14","122_84_R01","Tanytarsini",10
"2021-10-14","122_84_R01","Orthocladiinae",4
"2021-10-14","122_84_R01","Hemerodromia",1
"2021-10-14","122_84_R01","Antocha",1
"2021-10-14","122_84_R01","Hexatoma",1
"2021-10-14","122_84_R01","Optioservus",2
"2021-10-14","122_84_R01","Stenelmis",1
"2021-10-14","122_84_R01","Psephenus",1
"2021-10-14","122_84_R01","Nigronia",2
"2021-10-14","122_84_R01","Oligochaeta",3
"2021-10-14","122_84_R01","Nemertea",1
"2019-09-09","122_92_R01","Baetis",4
"2019-09-09","122_92_R01","Plauditus",1
"2019-09-09","122_92_R01","Ephemerella",16
"2019-09-09","122_92_R01","Heptageniidae",1
"2019-09-09","122_92_R01","Epeorus",4
"2019-09-09","122_92_R01","Leucrocuta",32
"2019-09-09","122_92_R01","Maccaffertium",4
"2019-09-09","122_92_R01","Rhithrogena",7
"2019-09-09","122_92_R01","Isonychia",4
"2019-09-09","122_92_R01","Leptophlebiidae",6
"2019-09-09","122_92_R01","Tricorythodes",1
"2019-09-09","122_92_R01","Glossosoma",2
"2019-09-09","122_92_R01","Helicopsyche",3
"2019-09-09","122_92_R01","Hydropsychidae",5
"2019-09-09","122_92_R01","Ceratopsyche",5
"2019-09-09","122_92_R01","Cheumatopsyche",2
"2019-09-09","122_92_R01","Oxyethira",4
"2019-09-09","122_92_R01","Lepidostoma",1
"2019-09-09","122_92_R01","Nectopsyche",5
"2019-09-09","122_92_R01","Setodes",1
"2019-09-09","122_92_R01","Hydatophylax | Pycnopsyche",1
"2019-09-09","122_92_R01","Chimarra",7
"2019-09-09","122_92_R01","Acroneuria",7
"2019-09-09","122_92_R01","Chironomini",9
"2019-09-09","122_92_R01","Tanytarsini",12
"2019-09-09","122_92_R01","Orthocladiinae",9
"2019-09-09","122_92_R01","Pentaneurini",7
"2019-09-09","122_92_R01","Hemerodromia",10
"2019-09-09","122_92_R01","Hexatoma",3
"2019-09-09","122_92_R01","Optioservus",6
"2019-09-09","122_92_R01","Stenelmis",3
"2019-09-09","122_92_R01","Ectopria",1
"2019-09-09","122_92_R01","Psephenus",2
"2019-09-09","122_92_R01","Boyeria",2
"2019-09-09","122_92_R01","Gomphidae",3
"2019-09-09","122_92_R01","Ophiogomphus",5
"2019-09-09","122_92_R01","Calopteryx",5
"2019-09-09","122_92_R01","Coenagrionidae",1
"2019-09-09","122_92_R01","Argia",3
"2019-09-09","122_92_R01","Nigronia",5
"2019-09-09","122_92_R01","Acari",1
"2019-09-09","122_92_R01","Pisidium",10
"2019-09-09","122_92_R01","Oligochaeta",2
"2019-09-09","122_92_R01","Nemertea",1
"2021-10-14","122_94_R01","Acerpenna",1
"2021-10-14","122_94_R01","Ephemerella",83
"2021-10-14","122_94_R01","Epeorus",12
"2021-10-14","122_94_R01","Leucrocuta",6
"2021-10-14","122_94_R01","Maccaffertium",9
"2021-10-14","122_94_R01","Isonychia",1
"2021-10-14","122_94_R01","Leptophlebiidae",3
"2021-10-14","122_94_R01","Micrasema",3
"2021-10-14","122_94_R01","Brachycentrus",1
"2021-10-14","122_94_R01","Glossosoma",1
"2021-10-14","122_94_R01","Helicopsyche",11
"2021-10-14","122_94_R01","Ceratopsyche",11
"2021-10-14","122_94_R01","Hydroptila",24
"2021-10-14","122_94_R01","Lepidostoma",10
"2021-10-14","122_94_R01","Ceraclea",5
"2021-10-14","122_94_R01","Chimarra",2
"2021-10-14","122_94_R01","Neureclipsis",1
"2021-10-14","122_94_R01","Acroneuria",1
"2021-10-14","122_94_R01","Chironomini",1
"2021-10-14","122_94_R01","Orthocladiinae",3
"2021-10-14","122_94_R01","Pentaneurini",1
"2021-10-14","122_94_R01","Hemerodromia",1
"2021-10-14","122_94_R01","Promoresia",9
"2021-10-14","122_94_R01","Boyeria",1
"2021-10-14","122_94_R01","Lanthus",1
"2021-10-14","122_94_R01","Ophiogomphus",1
"2021-10-14","122_94_R01","Nigronia",1
"2021-10-14","122_94_R01","Pisidium",29
"2018-09-28","124_86_R01","Acentrella",1
"2018-09-28","124_86_R01","Ephemerella",6
"2018-09-28","124_86_R01","Serratella",1
"2018-09-28","124_86_R01","Epeorus",7
"2018-09-28","124_86_R01","Leucrocuta",45
"2018-09-28","124_86_R01","Maccaffertium",5
"2018-09-28","124_86_R01","Isonychia",2
"2018-09-28","124_86_R01","Leptophlebiidae",26
"2018-09-28","124_86_R01","Brachycentrus",1
"2018-09-28","124_86_R01","Helicopsyche",1
"2018-09-28","124_86_R01","Hydropsychidae",1
"2018-09-28","124_86_R01","Ceratopsyche",4
"2018-09-28","124_86_R01","Cheumatopsyche",17
"2018-09-28","124_86_R01","Hydroptila",1
"2018-09-28","124_86_R01","Lepidostoma",5
"2018-09-28","124_86_R01","Ceraclea",1
"2018-09-28","124_86_R01","Oecetis",1
"2018-09-28","124_86_R01","Hydatophylax",1
"2018-09-28","124_86_R01","Chimarra",12
"2018-09-28","124_86_R01","Neureclipsis",2
"2018-09-28","124_86_R01","Psychomyia",1
"2018-09-28","124_86_R01","Rhyacophila",6
"2018-09-28","124_86_R01","Acroneuria",7
"2018-09-28","124_86_R01","Bezzia | Palpomyia",1
"2018-09-28","124_86_R01","Chironomini",9
"2018-09-28","124_86_R01","Tanytarsini",2
"2018-09-28","124_86_R01","Orthocladiinae",1
"2018-09-28","124_86_R01","Pentaneurini",1
"2018-09-28","124_86_R01","Hemerodromia",2
"2018-09-28","124_86_R01","Simulium",1
"2018-09-28","124_86_R01","Antocha",1
"2018-09-28","124_86_R01","Optioservus",5
"2018-09-28","124_86_R01","Stenelmis",5
"2018-09-28","124_86_R01","Ectopria",2
"2018-09-28","124_86_R01","Psephenus",11
"2018-09-28","124_86_R01","Gomphidae",5
"2018-09-28","124_86_R01","Hagenius",1
"2018-09-28","124_86_R01","Lanthus",2
"2018-09-28","124_86_R01","Crambidae",1
"2018-09-28","124_86_R01","Nigronia",5
"2018-09-28","124_86_R01","Pisidium",26
"2018-09-28","124_86_R01","Oligochaeta",5
"2020-09-09","128_120_R01","Baetis",3
"2020-09-09","128_120_R01","Heterocloeon",1
"2020-09-09","128_120_R01","Plauditus",4
"2020-09-09","128_120_R01","Ephemerella",1
"2020-09-09","128_120_R01","Eurylophella",6
"2020-09-09","128_120_R01","Serratella",1
"2020-09-09","128_120_R01","Heptageniidae",3
"2020-09-09","128_120_R01","Epeorus",10
"2020-09-09","128_120_R01","Leucrocuta",36
"2020-09-09","128_120_R01","Maccaffertium",8
"2020-09-09","128_120_R01","Rhithrogena",4
"2020-09-09","128_120_R01","Leptophlebiidae",5
"2020-09-09","128_120_R01","Glossosoma",1
"2020-09-09","128_120_R01","Ceratopsyche",8
"2020-09-09","128_120_R01","Lepidostoma",6
"2020-09-09","128_120_R01","Oecetis",1
"2020-09-09","128_120_R01","Dolophilodes",5
"2020-09-09","128_120_R01","Neureclipsis",1
"2020-09-09","128_120_R01","Polycentropus",1
"2020-09-09","128_120_R01","Rhyacophila",1
"2020-09-09","128_120_R01","Paracapnia",1
"2020-09-09","128_120_R01","Sweltsa",4
"2020-09-09","128_120_R01","Leuctra",2
"2020-09-09","128_120_R01","Acroneuria",4
"2020-09-09","128_120_R01","Agnetina",1
"2020-09-09","128_120_R01","Probezzia",2
"2020-09-09","128_120_R01","Chironomini",1
"2020-09-09","128_120_R01","Tanytarsini",79
"2020-09-09","128_120_R01","Orthocladiinae",3
"2020-09-09","128_120_R01","Pentaneurini",3
"2020-09-09","128_120_R01","Hemerodromia",1
"2020-09-09","128_120_R01","Hexatoma",2
"2020-09-09","128_120_R01","Stenelmis",1
"2020-09-09","128_120_R01","Ectopria",1
"2020-09-09","128_120_R01","Boyeria",4
"2020-09-09","128_120_R01","Gomphus",1
"2020-09-09","128_120_R01","Ophiogomphus",2
"2020-09-09","128_120_R01","Nigronia",4
"2020-09-09","128_120_R01","Pisidium",2
"2020-09-09","128_120_R01","Oligochaeta",4
"2020-08-24","128_89_R01","Plauditus",13
"2020-08-24","128_89_R01","Dentatella",4
"2020-08-24","128_89_R01","Eurylophella",6
"2020-08-24","128_89_R01","Serratella",3
"2020-08-24","128_89_R01","Leucrocuta",19
"2020-08-24","128_89_R01","Maccaffertium",16
"2020-08-24","128_89_R01","Isonychia",22
"2020-08-24","128_89_R01","Leptophlebiidae",9
"2020-08-24","128_89_R01","Brachycentrus",1
"2020-08-24","128_89_R01","Glossosoma",2
"2020-08-24","128_89_R01","Hydropsychidae",1
"2020-08-24","128_89_R01","Ceratopsyche",16
"2020-08-24","128_89_R01","Cheumatopsyche",1
"2020-08-24","128_89_R01","Macrostemum",10
"2020-08-24","128_89_R01","Hydroptila",1
"2020-08-24","128_89_R01","Lepidostoma",6
"2020-08-24","128_89_R01","Oecetis",4
"2020-08-24","128_89_R01","Setodes",6
"2020-08-24","128_89_R01","Hydatophylax",1
"2020-08-24","128_89_R01","Chimarra",10
"2020-08-24","128_89_R01","Polycentropus",1
"2020-08-24","128_89_R01","Leuctra",1
"2020-08-24","128_89_R01","Acroneuria",6
"2020-08-24","128_89_R01","Taeniopteryx",1
"2020-08-24","128_89_R01","Atherix",1
"2020-08-24","128_89_R01","Chironomini",1
"2020-08-24","128_89_R01","Tanytarsini",7
"2020-08-24","128_89_R01","Orthocladiinae",10
"2020-08-24","128_89_R01","Pentaneurini",2
"2020-08-24","128_89_R01","Hemerodromia",1
"2020-08-24","128_89_R01","Simulium",1
"2020-08-24","128_89_R01","Optioservus",2
"2020-08-24","128_89_R01","Promoresia",1
"2020-08-24","128_89_R01","Stenelmis",1
"2020-08-24","128_89_R01","Ectopria",1
"2020-08-24","128_89_R01","Psephenus",1
"2020-08-24","128_89_R01","Lanthus",1
"2020-08-24","128_89_R01","Ophiogomphus",14
"2020-08-24","128_89_R01","Stylogomphus",3
"2020-08-24","128_89_R01","Calopteryx",1
"2020-08-24","128_89_R01","Argia",6
"2020-08-24","128_89_R01","Nigronia",4
"2020-08-24","128_89_R01","Pisidium",1
"2020-08-24","128_89_R01","Oligochaeta",4
"2019-09-17","129_123_R01","Ephemerella",2
"2019-09-17","129_123_R01","Eurylophella",7
"2019-09-17","129_123_R01","Maccaffertium",5
"2019-09-17","129_123_R01","Leptophlebiidae",7
"2019-09-17","129_123_R01","Hydropsychidae",4
"2019-09-17","129_123_R01","Ceratopsyche",9
"2019-09-17","129_123_R01","Hydroptila",20
"2019-09-17","129_123_R01","Oxyethira",2
"2019-09-17","129_123_R01","Oecetis",6
"2019-09-17","129_123_R01","Psilotreta",1
"2019-09-17","129_123_R01","Neureclipsis",7
"2019-09-17","129_123_R01","Rhyacophila",3
"2019-09-17","129_123_R01","Paracapnia",3
"2019-09-17","129_123_R01","Leuctra",6
"2019-09-17","129_123_R01","Acroneuria",3
"2019-09-17","129_123_R01","Chironomini",2
"2019-09-17","129_123_R01","Tanytarsini",24
"2019-09-17","129_123_R01","Orthocladiinae",17
"2019-09-17","129_123_R01","Pentaneurini",4
"2019-09-17","129_123_R01","Hemerodromia",6
"2019-09-17","129_123_R01","Tipula",1
"2019-09-17","129_123_R01","Promoresia",5
"2019-09-17","129_123_R01","Cordulegaster",2
"2019-09-17","129_123_R01","Ophiogomphus",4
"2019-09-17","129_123_R01","Pisidium",134
"2019-09-17","129_123_R01","Oligochaeta",5
"2019-09-17","129_123_R01","Nematoda",2
"2021-09-16","129_93_R01","Baetis",7
"2021-09-16","129_93_R01","Eurylophella",3
"2021-09-16","129_93_R01","Epeorus",13
"2021-09-16","129_93_R01","Maccaffertium",4
"2021-09-16","129_93_R01","Hydropsychidae",1
"2021-09-16","129_93_R01","Ceratopsyche",17
"2021-09-16","129_93_R01","Cheumatopsyche",4
"2021-09-16","129_93_R01","Hydropsyche",1
"2021-09-16","129_93_R01","Lepidostoma",1
"2021-09-16","129_93_R01","Oecetis",5
"2021-09-16","129_93_R01","Chimarra",2
"2021-09-16","129_93_R01","Dolophilodes",7
"2021-09-16","129_93_R01","Polycentropus",1
"2021-09-16","129_93_R01","Rhyacophila",2
"2021-09-16","129_93_R01","Paracapnia",2
"2021-09-16","129_93_R01","Sweltsa",1
"2021-09-16","129_93_R01","Acroneuria",2
"2021-09-16","129_93_R01","Chironominae",7
"2021-09-16","129_93_R01","Chironomini",22
"2021-09-16","129_93_R01","Tanytarsini",91
"2021-09-16","129_93_R01","Orthocladiinae",12
"2021-09-16","129_93_R01","Pentaneurini",3
"2021-09-16","129_93_R01","Simulium",1
"2021-09-16","129_93_R01","Antocha",1
"2021-09-16","129_93_R01","Dicranota",1
"2021-09-16","129_93_R01","Promoresia",8
"2021-09-16","129_93_R01","Boyeria",1
"2021-09-16","129_93_R01","Ophiogomphus",3
"2021-09-16","129_93_R01","Nigronia",1
"2018-09-20","131_120_R01","Acerpenna",1
"2018-09-20","131_120_R01","Plauditus",1
"2018-09-20","131_120_R01","Baetisca",3
"2018-09-20","131_120_R01","Ephemerella",21
"2018-09-20","131_120_R01","Eurylophella",1
"2018-09-20","131_120_R01","Epeorus",4
"2018-09-20","131_120_R01","Heptagenia",1
"2018-09-20","131_120_R01","Leucrocuta",1
"2018-09-20","131_120_R01","Maccaffertium",1
"2018-09-20","131_120_R01","Rhithrogena",9
"2018-09-20","131_120_R01","Leptophlebiidae",9
"2018-09-20","131_120_R01","Micrasema",1
"2018-09-20","131_120_R01","Brachycentrus",3
"2018-09-20","131_120_R01","Glossosoma",4
"2018-09-20","131_120_R01","Hydropsychidae",3
"2018-09-20","131_120_R01","Ceratopsyche",21
"2018-09-20","131_120_R01","Hydroptila",1
"2018-09-20","131_120_R01","Oxyethira",2
"2018-09-20","131_120_R01","Lepidostoma",28
"2018-09-20","131_120_R01","Setodes",1
"2018-09-20","131_120_R01","Hydatophylax",1
"2018-09-20","131_120_R01","Pycnopsyche",1
"2018-09-20","131_120_R01","Dolophilodes",1
"2018-09-20","131_120_R01","Capniidae",2
"2018-09-20","131_120_R01","Sweltsa",12
"2018-09-20","131_120_R01","Perlidae",3
"2018-09-20","131_120_R01","Acroneuria",1
"2018-09-20","131_120_R01","Isogenoides",1
"2018-09-20","131_120_R01","Taeniopteryx",3
"2018-09-20","131_120_R01","Bezzia | Palpomyia",5
"2018-09-20","131_120_R01","Chironomini",26
"2018-09-20","131_120_R01","Tanytarsini",54
"2018-09-20","131_120_R01","Orthocladiinae",12
"2018-09-20","131_120_R01","Neoplasta",1
"2018-09-20","131_120_R01","Simulium",3
"2018-09-20","131_120_R01","Hexatoma",1
"2018-09-20","131_120_R01","Acari",3
"2018-09-20","131_120_R01","Pisidium",2
"2018-09-20","131_120_R01","Oligochaeta",11
"2020-09-21","132_116_R01","Acentrella",2
"2020-09-21","132_116_R01","Plauditus",6
"2020-09-21","132_116_R01","Ephemerella",31
"2020-09-21","132_116_R01","Serratella",7
"2020-09-21","132_116_R01","Epeorus",10
"2020-09-21","132_116_R01","Leucrocuta",8
"2020-09-21","132_116_R01","Maccaffertium",7
"2020-09-21","132_116_R01","Rhithrogena",8
"2020-09-21","132_116_R01","Isonychia",1
"2020-09-21","132_116_R01","Leptophlebiidae",28
"2020-09-21","132_116_R01","Glossosoma",1
"2020-09-21","132_116_R01","Hydropsychidae",3
"2020-09-21","132_116_R01","Ceratopsyche",36
"2020-09-21","132_116_R01","Cheumatopsyche",12
"2020-09-21","132_116_R01","Hydroptila",3
"2020-09-21","132_116_R01","Lepidostoma",6
"2020-09-21","132_116_R01","Ceraclea",1
"2020-09-21","132_116_R01","Psilotreta",2
"2020-09-21","132_116_R01","Chimarra",3
"2020-09-21","132_116_R01","Dolophilodes",19
"2020-09-21","132_116_R01","Rhyacophila",2
"2020-09-21","132_116_R01","Capniidae",1
"2020-09-21","132_116_R01","Acroneuria",6
"2020-09-21","132_116_R01","Paragnetina",2
"2020-09-21","132_116_R01","Isoperla",1
"2020-09-21","132_116_R01","Isogenoides",4
"2020-09-21","132_116_R01","Atherix",7
"2020-09-21","132_116_R01","Chironomini",1
"2020-09-21","132_116_R01","Tanytarsini",14
"2020-09-21","132_116_R01","Orthocladiinae",7
"2020-09-21","132_116_R01","Tipula",2
"2020-09-21","132_116_R01","Optioservus",3
"2020-09-21","132_116_R01","Promoresia",1
"2020-09-21","132_116_R01","Gomphidae",1
"2020-09-21","132_116_R01","Ophiogomphus",3
"2020-09-21","132_116_R01","Nigronia",3
"2020-09-21","132_116_R01","Pisidium",1
"2020-09-21","132_116_R01","Oligochaeta",10
"2020-09-21","132_116_R01","Nematoda",2
"2016-09-21","133_101_R01","Baetidae",1
"2016-09-21","133_101_R01","Baetis",2
"2016-09-21","133_101_R01","Ephemerella",17
"2016-09-21","133_101_R01","Eurylophella",4
"2016-09-21","133_101_R01","Serratella",1
"2016-09-21","133_101_R01","Epeorus",32
"2016-09-21","133_101_R01","Leucrocuta",4
"2016-09-21","133_101_R01","Rhithrogena",6
"2016-09-21","133_101_R01","Leptophlebiidae",22
"2016-09-21","133_101_R01","Micrasema",1
"2016-09-21","133_101_R01","Glossosoma",12
"2016-09-21","133_101_R01","Hydropsychidae",2
"2016-09-21","133_101_R01","Ceratopsyche",28
"2016-09-21","133_101_R01","Cheumatopsyche",2
"2016-09-21","133_101_R01","Hydroptila",6
"2016-09-21","133_101_R01","Lepidostoma",10
"2016-09-21","133_101_R01","Ceraclea",1
"2016-09-21","133_101_R01","Mystacides",1
"2016-09-21","133_101_R01","Oecetis",1
"2016-09-21","133_101_R01","Limnephilidae",2
"2016-09-21","133_101_R01","Chimarra",5
"2016-09-21","133_101_R01","Dolophilodes",13
"2016-09-21","133_101_R01","Polycentropodidae",1
"2016-09-21","133_101_R01","Perlidae",2
"2016-09-21","133_101_R01","Acroneuria",5
"2016-09-21","133_101_R01","Paragnetina",9
"2016-09-21","133_101_R01","Isoperla",1
"2016-09-21","133_101_R01","Probezzia",1
"2016-09-21","133_101_R01","Chironomini",6
"2016-09-21","133_101_R01","Tanytarsini",1
"2016-09-21","133_101_R01","Orthocladiinae",13
"2016-09-21","133_101_R01","Pentaneurini",5
"2016-09-21","133_101_R01","Hemerodromia",2
"2016-09-21","133_101_R01","Promoresia",10
"2016-09-21","133_101_R01","Stenelmis",1
"2016-09-21","133_101_R01","Ectopria",1
"2016-09-21","133_101_R01","Psephenus",1
"2016-09-21","133_101_R01","Ophiogomphus",4
"2016-09-21","133_101_R01","Nigronia",1
"2016-09-21","133_101_R01","Acari",1
"2016-09-21","133_101_R01","Pisidium",9
"2016-09-21","133_101_R01","Oligochaeta",2
"2016-09-21","133_101_R01","Nematoda",1
"2017-09-15","133_101_R01","Baetis",14
"2017-09-15","133_101_R01","Ephemerella",5
"2017-09-15","133_101_R01","Serratella",2
"2017-09-15","133_101_R01","Epeorus",10
"2017-09-15","133_101_R01","Rhithrogena",3
"2017-09-15","133_101_R01","Leptophlebiidae",18
"2017-09-15","133_101_R01","Glossosoma",2
"2017-09-15","133_101_R01","Hydropsychidae",3
"2017-09-15","133_101_R01","Ceratopsyche",29
"2017-09-15","133_101_R01","Cheumatopsyche",8
"2017-09-15","133_101_R01","Diplectrona",4
"2017-09-15","133_101_R01","Lepidostoma",2
"2017-09-15","133_101_R01","Chimarra",10
"2017-09-15","133_101_R01","Dolophilodes",58
"2017-09-15","133_101_R01","Nyctiophylax",1
"2017-09-15","133_101_R01","Polycentropus",1
"2017-09-15","133_101_R01","Sweltsa",1
"2017-09-15","133_101_R01","Acroneuria",9
"2017-09-15","133_101_R01","Paragnetina",4
"2017-09-15","133_101_R01","Isoperla",3
"2017-09-15","133_101_R01","Chironomini",5
"2017-09-15","133_101_R01","Tanytarsini",2
"2017-09-15","133_101_R01","Orthocladiinae",27
"2017-09-15","133_101_R01","Pentaneurini",1
"2017-09-15","133_101_R01","Empididae",1
"2017-09-15","133_101_R01","Dicranota",1
"2017-09-15","133_101_R01","Hexatoma",1
"2017-09-15","133_101_R01","Promoresia",5
"2017-09-15","133_101_R01","Stenelmis",2
"2017-09-15","133_101_R01","Psephenus",1
"2017-09-15","133_101_R01","Ophiogomphus",4
"2017-09-15","133_101_R01","Nigronia",1
"2017-09-15","133_101_R01","Pisidium",15
"2017-09-15","133_101_R01","Oligochaeta",4
"2017-09-15","133_101_R01","Nematoda",1
"2018-09-07","133_101_R01","Baetis",7
"2018-09-07","133_101_R01","Ephemerella",14
"2018-09-07","133_101_R01","Eurylophella",7
"2018-09-07","133_101_R01","Epeorus",7
"2018-09-07","133_101_R01","Leucrocuta",5
"2018-09-07","133_101_R01","Maccaffertium",6
"2018-09-07","133_101_R01","Rhithrogena",5
"2018-09-07","133_101_R01","Leptophlebiidae",21
"2018-09-07","133_101_R01","Glossosoma",5
"2018-09-07","133_101_R01","Hydropsychidae",6
"2018-09-07","133_101_R01","Ceratopsyche",22
"2018-09-07","133_101_R01","Cheumatopsyche",4
"2018-09-07","133_101_R01","Hydroptila",2
"2018-09-07","133_101_R01","Lepidostoma",2
"2018-09-07","133_101_R01","Chimarra",1
"2018-09-07","133_101_R01","Dolophilodes",4
"2018-09-07","133_101_R01","Rhyacophila",1
"2018-09-07","133_101_R01","Haploperla",1
"2018-09-07","133_101_R01","Sweltsa",4
"2018-09-07","133_101_R01","Acroneuria",3
"2018-09-07","133_101_R01","Paragnetina",3
"2018-09-07","133_101_R01","Isoperla",4
"2018-09-07","133_101_R01","Chironomini",38
"2018-09-07","133_101_R01","Tanytarsini",4
"2018-09-07","133_101_R01","Orthocladiinae",14
"2018-09-07","133_101_R01","Pentaneurini",3
"2018-09-07","133_101_R01","Promoresia",6
"2018-09-07","133_101_R01","Stenelmis",3
"2018-09-07","133_101_R01","Psephenus",13
"2018-09-07","133_101_R01","Ophiogomphus",2
"2018-09-07","133_101_R01","Veliidae",-99
"2018-09-07","133_101_R01","Nigronia",5
"2018-09-07","133_101_R01","Pisidium",1
"2018-09-07","133_101_R01","Oligochaeta",5
"2019-09-13","133_101_R01","Baetis",5
"2019-09-13","133_101_R01","Diphetor Hageni",1
"2019-09-13","133_101_R01","Ephemerellidae",2
"2019-09-13","133_101_R01","Ephemerella",19
"2019-09-13","133_101_R01","Eurylophella",2
"2019-09-13","133_101_R01","Heptageniidae",1
"2019-09-13","133_101_R01","Epeorus",22
"2019-09-13","133_101_R01","Leucrocuta",6
"2019-09-13","133_101_R01","Maccaffertium",3
"2019-09-13","133_101_R01","Rhithrogena",13
"2019-09-13","133_101_R01","Leptophlebiidae",45
"2019-09-13","133_101_R01","Glossosoma",4
"2019-09-13","133_101_R01","Hydropsychidae",3
"2019-09-13","133_101_R01","Ceratopsyche",12
"2019-09-13","133_101_R01","Cheumatopsyche",2
"2019-09-13","133_101_R01","Lepidostoma",20
"2019-09-13","133_101_R01","Psilotreta",1
"2019-09-13","133_101_R01","Chimarra",1
"2019-09-13","133_101_R01","Dolophilodes",8
"2019-09-13","133_101_R01","Polycentropus",1
"2019-09-13","133_101_R01","Sweltsa",12
"2019-09-13","133_101_R01","Acroneuria",12
"2019-09-13","133_101_R01","Paragnetina",3
"2019-09-13","133_101_R01","Isoperla",1
"2019-09-13","133_101_R01","Orthocladiinae",5
"2019-09-13","133_101_R01","Tanypodinae",1
"2019-09-13","133_101_R01","Empididae",1
"2019-09-13","133_101_R01","Hemerodromia",1
"2019-09-13","133_101_R01","Simulium",4
"2019-09-13","133_101_R01","Dicranota",1
"2019-09-13","133_101_R01","Hexatoma",2
"2019-09-13","133_101_R01","Promoresia",8
"2019-09-13","133_101_R01","Psephenus",10
"2019-09-13","133_101_R01","Boyeria",1
"2019-09-13","133_101_R01","Ophiogomphus",5
"2019-09-13","133_101_R01","Veliidae",-99
"2019-09-13","133_101_R01","Nigronia",3
"2019-09-13","133_101_R01","Pisidium",1
"2019-09-13","133_101_R01","Oligochaeta",4
"2019-09-13","133_101_R01","Nematoda",1
"2020-09-18","133_101_R01","Baetis",4
"2020-09-18","133_101_R01","Ephemerella",5
"2020-09-18","133_101_R01","Eurylophella",18
"2020-09-18","133_101_R01","Serratella",3
"2020-09-18","133_101_R01","Epeorus",5
"2020-09-18","133_101_R01","Leucrocuta",8
"2020-09-18","133_101_R01","Rhithrogena",4
"2020-09-18","133_101_R01","Leptophlebiidae",28
"2020-09-18","133_101_R01","Brachycentrus",1
"2020-09-18","133_101_R01","Glossosomatidae",1
"2020-09-18","133_101_R01","Glossosoma",5
"2020-09-18","133_101_R01","Hydropsychidae",2
"2020-09-18","133_101_R01","Ceratopsyche",17
"2020-09-18","133_101_R01","Cheumatopsyche",2
"2020-09-18","133_101_R01","Lepidostoma",11
"2020-09-18","133_101_R01","Chimarra",1
"2020-09-18","133_101_R01","Dolophilodes",18
"2020-09-18","133_101_R01","Polycentropodidae",1
"2020-09-18","133_101_R01","Polycentropus",1
"2020-09-18","133_101_R01","Sweltsa",3
"2020-09-18","133_101_R01","Acroneuria",3
"2020-09-18","133_101_R01","Isoperla",4
"2020-09-18","133_101_R01","Atherix",1
"2020-09-18","133_101_R01","Probezzia",4
"2020-09-18","133_101_R01","Chironomini",3
"2020-09-18","133_101_R01","Tanytarsini",3
"2020-09-18","133_101_R01","Orthocladiinae",8
"2020-09-18","133_101_R01","Pentaneurini",4
"2020-09-18","133_101_R01","Roederiodes",1
"2020-09-18","133_101_R01","Simulium",3
"2020-09-18","133_101_R01","Hexatoma",2
"2020-09-18","133_101_R01","Promoresia",3
"2020-09-18","133_101_R01","Ectopria",1
"2020-09-18","133_101_R01","Psephenus",2
"2020-09-18","133_101_R01","Boyeria",2
"2020-09-18","133_101_R01","Gomphidae",1
"2020-09-18","133_101_R01","Gomphus",2
"2020-09-18","133_101_R01","Lanthus",2
"2020-09-18","133_101_R01","Ophiogomphus",2
"2020-09-18","133_101_R01","Nigronia",4
"2020-09-18","133_101_R01","Acari",2
"2020-09-18","133_101_R01","Pisidium",9
"2020-09-18","133_101_R01","Physa",1
"2020-09-18","133_101_R01","Oligochaeta",3
"2021-09-24","133_101_R01","Baetis",1
"2021-09-24","133_101_R01","Ephemerella",16
"2021-09-24","133_101_R01","Eurylophella",7
"2021-09-24","133_101_R01","Serratella",12
"2021-09-24","133_101_R01","Epeorus",24
"2021-09-24","133_101_R01","Leucrocuta",6
"2021-09-24","133_101_R01","Rhithrogena",6
"2021-09-24","133_101_R01","Leptophlebiidae",22
"2021-09-24","133_101_R01","Glossosoma",5
"2021-09-24","133_101_R01","Hydropsychidae",6
"2021-09-24","133_101_R01","Ceratopsyche",32
"2021-09-24","133_101_R01","Cheumatopsyche",6
"2021-09-24","133_101_R01","Hydropsyche",1
"2021-09-24","133_101_R01","Lepidostoma",5
"2021-09-24","133_101_R01","Oecetis",1
"2021-09-24","133_101_R01","Chimarra",2
"2021-09-24","133_101_R01","Dolophilodes",10
"2021-09-24","133_101_R01","Polycentropus",1
"2021-09-24","133_101_R01","Sweltsa",9
"2021-09-24","133_101_R01","Leuctra",3
"2021-09-24","133_101_R01","Acroneuria",11
"2021-09-24","133_101_R01","Paragnetina",6
"2021-09-24","133_101_R01","Isoperla",8
"2021-09-24","133_101_R01","Chironomini",3
"2021-09-24","133_101_R01","Orthocladiinae",3
"2021-09-24","133_101_R01","Pentaneurini",4
"2021-09-24","133_101_R01","Promoresia",22
"2021-09-24","133_101_R01","Stenelmis",4
"2021-09-24","133_101_R01","Psephenus",1
"2021-09-24","133_101_R01","Boyeria",3
"2021-09-24","133_101_R01","Gomphus",1
"2021-09-24","133_101_R01","Lanthus",1
"2021-09-24","133_101_R01","Ophiogomphus",2
"2021-09-24","133_101_R01","Nigronia",3
"2021-09-24","133_101_R01","Caecidota",1
"2021-09-24","133_101_R01","Pisidium",2
"2016-09-23","135_104_R01","Baetis",1
"2016-09-23","135_104_R01","Ephemerella",5
"2016-09-23","135_104_R01","Eurylophella",7
"2016-09-23","135_104_R01","Epeorus",7
"2016-09-23","135_104_R01","Leucrocuta",7
"2016-09-23","135_104_R01","Maccaffertium",4
"2016-09-23","135_104_R01","Rhithrogena",7
"2016-09-23","135_104_R01","Leptophlebiidae",11
"2016-09-23","135_104_R01","Hydropsychidae",4
"2016-09-23","135_104_R01","Ceratopsyche",23
"2016-09-23","135_104_R01","Cheumatopsyche",15
"2016-09-23","135_104_R01","Hydropsyche",1
"2016-09-23","135_104_R01","Macrostemum",1
"2016-09-23","135_104_R01","Lepidostoma",1
"2016-09-23","135_104_R01","Oecetis",2
"2016-09-23","135_104_R01","Psilotreta",2
"2016-09-23","135_104_R01","Chimarra",38
"2016-09-23","135_104_R01","Dolophilodes",5
"2016-09-23","135_104_R01","Rhyacophila",9
"2016-09-23","135_104_R01","Sweltsa",6
"2016-09-23","135_104_R01","Acroneuria",2
"2016-09-23","135_104_R01","Paragnetina",1
"2016-09-23","135_104_R01","Isoperla",1
"2016-09-23","135_104_R01","Taeniopteryx",2
"2016-09-23","135_104_R01","Chironomini",3
"2016-09-23","135_104_R01","Tanytarsini",9
"2016-09-23","135_104_R01","Orthocladiinae",8
"2016-09-23","135_104_R01","Pentaneurini",3
"2016-09-23","135_104_R01","Hemerodromia",2
"2016-09-23","135_104_R01","Optioservus",1
"2016-09-23","135_104_R01","Promoresia",1
"2016-09-23","135_104_R01","Stenelmis",2
"2016-09-23","135_104_R01","Ectopria",1
"2016-09-23","135_104_R01","Ophiogomphus",2
"2016-09-23","135_104_R01","Sialis",1
"2016-09-23","135_104_R01","Cambarus",1
"2016-09-23","135_104_R01","Pisidium",12
"2016-09-23","135_104_R01","Hirudinea",1
"2016-09-23","135_104_R01","Oligochaeta",7
"2021-09-17","135_104_R01","Plauditus",2
"2021-09-17","135_104_R01","Ephemerella",8
"2021-09-17","135_104_R01","Eurylophella",21
"2021-09-17","135_104_R01","Epeorus",13
"2021-09-17","135_104_R01","Leucrocuta",14
"2021-09-17","135_104_R01","Maccaffertium",8
"2021-09-17","135_104_R01","Leptophlebiidae",13
"2021-09-17","135_104_R01","Ceratopsyche",8
"2021-09-17","135_104_R01","Cheumatopsyche",13
"2021-09-17","135_104_R01","Macrostemum",2
"2021-09-17","135_104_R01","Lepidostoma",3
"2021-09-17","135_104_R01","Mystacides",1
"2021-09-17","135_104_R01","Oecetis",1
"2021-09-17","135_104_R01","Psilotreta",1
"2021-09-17","135_104_R01","Philopotamidae",2
"2021-09-17","135_104_R01","Chimarra",15
"2021-09-17","135_104_R01","Dolophilodes",3
"2021-09-17","135_104_R01","Polycentropus",1
"2021-09-17","135_104_R01","Rhyacophila",1
"2021-09-17","135_104_R01","Leuctra",1
"2021-09-17","135_104_R01","Acroneuria",3
"2021-09-17","135_104_R01","Agnetina",1
"2021-09-17","135_104_R01","Chironomini",12
"2021-09-17","135_104_R01","Tanytarsini",10
"2021-09-17","135_104_R01","Orthocladiinae",5
"2021-09-17","135_104_R01","Pentaneurini",9
"2021-09-17","135_104_R01","Hemerodromia",1
"2021-09-17","135_104_R01","Dubiraphia",1
"2021-09-17","135_104_R01","Optioservus",1
"2021-09-17","135_104_R01","Promoresia",4
"2021-09-17","135_104_R01","Stenelmis",3
"2021-09-17","135_104_R01","Psephenus",6
"2021-09-17","135_104_R01","Gomphidae",2
"2021-09-17","135_104_R01","Ophiogomphus",6
"2021-09-17","135_104_R01","Nigronia",1
"2021-09-17","135_104_R01","Sialis",2
"2021-09-17","135_104_R01","Acari",1
"2021-09-17","135_104_R01","Pisidium",10
"2021-09-17","135_104_R01","Ferrissia",1
"2021-09-17","135_104_R01","Oligochaeta",1
"2021-09-17","135_104_R01","Nemertea",1
"2017-10-02","137_107_R01","Acentrella",3
"2017-10-02","137_107_R01","Baetis",30
"2017-10-02","137_107_R01","Plauditus",1
"2017-10-02","137_107_R01","Ephemerella",70
"2017-10-02","137_107_R01","Heptageniidae",1
"2017-10-02","137_107_R01","Epeorus",2
"2017-10-02","137_107_R01","Rhithrogena",1
"2017-10-02","137_107_R01","Leptophlebiidae",1
"2017-10-02","137_107_R01","Micrasema",2
"2017-10-02","137_107_R01","Agapetus",2
"2017-10-02","137_107_R01","Hydropsychidae",9
"2017-10-02","137_107_R01","Ceratopsyche",9
"2017-10-02","137_107_R01","Limnephilidae",3
"2017-10-02","137_107_R01","Hydatophylax | Pycnopsyche",3
"2017-10-02","137_107_R01","Dolophilodes",4
"2017-10-02","137_107_R01","Rhyacophila",11
"2017-10-02","137_107_R01","Isoperla",10
"2017-10-02","137_107_R01","Pteronarcys",1
"2017-10-02","137_107_R01","Taeniopterygidae",1
"2017-10-02","137_107_R01","Taeniopteryx",6
"2017-10-02","137_107_R01","Atherix",1
"2017-10-02","137_107_R01","Blepharicera",3
"2017-10-02","137_107_R01","Chironomini",1
"2017-10-02","137_107_R01","Tanytarsini",1
"2017-10-02","137_107_R01","Orthocladiinae",16
"2017-10-02","137_107_R01","Pentaneurini",1
"2017-10-02","137_107_R01","Simulium",9
"2017-10-02","137_107_R01","Antocha",1
"2017-10-02","137_107_R01","Dicranota",2
"2017-10-02","137_107_R01","Optioservus",1
"2017-10-02","137_107_R01","Oulimnius",12
"2017-10-02","137_107_R01","Promoresia",28
"2017-10-02","137_107_R01","Ferrissia",2
"2016-09-27","137_110_R01","Baetis",8
"2016-09-27","137_110_R01","Ephemerella",4
"2016-09-27","137_110_R01","Eurylophella",1
"2016-09-27","137_110_R01","Epeorus",12
"2016-09-27","137_110_R01","Heptagenia",2
"2016-09-27","137_110_R01","Rhithrogena",6
"2016-09-27","137_110_R01","Leptophlebiidae",4
"2016-09-27","137_110_R01","Hydropsychidae",1
"2016-09-27","137_110_R01","Arctopsyche",2
"2016-09-27","137_110_R01","Ceratopsyche",8
"2016-09-27","137_110_R01","Cheumatopsyche",1
"2016-09-27","137_110_R01","Lepidostoma",9
"2016-09-27","137_110_R01","Limnephilidae",1
"2016-09-27","137_110_R01","Chimarra",1
"2016-09-27","137_110_R01","Dolophilodes",9
"2016-09-27","137_110_R01","Rhyacophila",5
"2016-09-27","137_110_R01","Paracapnia",1
"2016-09-27","137_110_R01","Sweltsa",10
"2016-09-27","137_110_R01","Leuctra",2
"2016-09-27","137_110_R01","Acroneuria",1
"2016-09-27","137_110_R01","Agnetina",2
"2016-09-27","137_110_R01","Isoperla",5
"2016-09-27","137_110_R01","Taeniopteryx",1
"2016-09-27","137_110_R01","Blepharicera",7
"2016-09-27","137_110_R01","Probezzia",2
"2016-09-27","137_110_R01","Chironomini",33
"2016-09-27","137_110_R01","Tanytarsini",46
"2016-09-27","137_110_R01","Orthocladiinae",12
"2016-09-27","137_110_R01","Dicranota",4
"2016-09-27","137_110_R01","Hexatoma",2
"2016-09-27","137_110_R01","Optioservus",2
"2016-09-27","137_110_R01","Promoresia",5
"2016-09-27","137_110_R01","Ferrissia",1
"2016-09-27","137_110_R01","Oligochaeta",6
"2020-09-24","137_111_R01","Baetis",28
"2020-09-24","137_111_R01","Plauditus",1
"2020-09-24","137_111_R01","Ephemerella",42
"2020-09-24","137_111_R01","Epeorus",9
"2020-09-24","137_111_R01","Heptagenia",9
"2020-09-24","137_111_R01","Glossosoma",4
"2020-09-24","137_111_R01","Goera",1
"2020-09-24","137_111_R01","Parapsyche",3
"2020-09-24","137_111_R01","Lepidostoma",4
"2020-09-24","137_111_R01","Limnephilidae",2
"2020-09-24","137_111_R01","Rhyacophila",19
"2020-09-24","137_111_R01","Paracapnia",1
"2020-09-24","137_111_R01","Sweltsa",4
"2020-09-24","137_111_R01","Leuctra",1
"2020-09-24","137_111_R01","Isogenoides",1
"2020-09-24","137_111_R01","Atherix",1
"2020-09-24","137_111_R01","Chironomini",2
"2020-09-24","137_111_R01","Tanytarsini",7
"2020-09-24","137_111_R01","Orthocladiinae",23
"2020-09-24","137_111_R01","Prosimulium",1
"2020-09-24","137_111_R01","Simulium",5
"2020-09-24","137_111_R01","Promoresia",5
"2020-09-24","137_111_R01","Acari",4
"2020-09-24","137_111_R01","Pisidium",7
"2020-09-24","137_111_R01","Oligochaeta",32
"2019-09-09","137_144_R01","Baetis",2
"2019-09-09","137_144_R01","Ephemerella",30
"2019-09-09","137_144_R01","Eurylophella",10
"2019-09-09","137_144_R01","Maccaffertium",89
"2019-09-09","137_144_R01","Leptophlebiidae",2
"2019-09-09","137_144_R01","Apatania",3
"2019-09-09","137_144_R01","Micrasema",7
"2019-09-09","137_144_R01","Ceratopsyche",6
"2019-09-09","137_144_R01","Lepidostoma",5
"2019-09-09","137_144_R01","Ceraclea",1
"2019-09-09","137_144_R01","Rhyacophila",6
"2019-09-09","137_144_R01","Leuctra",4
"2019-09-09","137_144_R01","Isoperla",6
"2019-09-09","137_144_R01","Taeniopteryx",14
"2019-09-09","137_144_R01","Orthocladiinae",1
"2019-09-09","137_144_R01","Promoresia",19
"2019-09-09","137_144_R01","Sialis",1
"2019-09-09","137_144_R01","Acari",1
"2019-09-09","137_144_R01","Oligochaeta",9
"2017-09-21","138_105_R01","Acentrella",6
"2017-09-21","138_105_R01","Baetis",3
"2017-09-21","138_105_R01","Diphetor Hageni",4
"2017-09-21","138_105_R01","Ephemerella",2
"2017-09-21","138_105_R01","Leucrocuta",7
"2017-09-21","138_105_R01","Maccaffertium",3
"2017-09-21","138_105_R01","Leptophlebiidae",5
"2017-09-21","138_105_R01","Paraleptophlebia",2
"2017-09-21","138_105_R01","Glossosoma",3
"2017-09-21","138_105_R01","Helicopsyche",4
"2017-09-21","138_105_R01","Hydropsychidae",16
"2017-09-21","138_105_R01","Ceratopsyche",84
"2017-09-21","138_105_R01","Cheumatopsyche",1
"2017-09-21","138_105_R01","Hydroptilidae",1
"2017-09-21","138_105_R01","Leptoceridae",1
"2017-09-21","138_105_R01","Chimarra",31
"2017-09-21","138_105_R01","Psychomyia",2
"2017-09-21","138_105_R01","Alloperla",1
"2017-09-21","138_105_R01","Isoperla",2
"2017-09-21","138_105_R01","Taeniopteryx",2
"2017-09-21","138_105_R01","Chironomini",3
"2017-09-21","138_105_R01","Tanytarsini",2
"2017-09-21","138_105_R01","Orthocladiinae",6
"2017-09-21","138_105_R01","Tanypodinae",1
"2017-09-21","138_105_R01","Hemerodromia",1
"2017-09-21","138_105_R01","Antocha",4
"2017-09-21","138_105_R01","Dicranota",1
"2017-09-21","138_105_R01","Optioservus",1
"2017-09-21","138_105_R01","Stenelmis",3
"2017-09-21","138_105_R01","Psephenus",4
"2017-09-21","138_105_R01","Pisidium",1
"2017-09-21","138_105_R01","Oligochaeta",6
"2017-09-21","138_105_R01","Nemertea",1
"2017-09-22","139_103_R01","Caenis",1
"2017-09-22","139_103_R01","Ephemerella",28
"2017-09-22","139_103_R01","Serratella",6
"2017-09-22","139_103_R01","Heptageniidae",1
"2017-09-22","139_103_R01","Leucrocuta",1
"2017-09-22","139_103_R01","Maccaffertium",11
"2017-09-22","139_103_R01","Leptophlebiidae",2
"2017-09-22","139_103_R01","Glossosoma",6
"2017-09-22","139_103_R01","Helicopsyche",1
"2017-09-22","139_103_R01","Hydropsychidae",22
"2017-09-22","139_103_R01","Ceratopsyche",65
"2017-09-22","139_103_R01","Cheumatopsyche",33
"2017-09-22","139_103_R01","Hydroptila",4
"2017-09-22","139_103_R01","Psychomyia",2
"2017-09-22","139_103_R01","Paracapnia",1
"2017-09-22","139_103_R01","Agnetina",1
"2017-09-22","139_103_R01","Taeniopteryx",36
"2017-09-22","139_103_R01","Atherix",1
"2017-09-22","139_103_R01","Probezzia",2
"2017-09-22","139_103_R01","Chironomini",4
"2017-09-22","139_103_R01","Tanytarsini",13
"2017-09-22","139_103_R01","Orthocladiinae",15
"2017-09-22","139_103_R01","Pentaneurini",2
"2017-09-22","139_103_R01","Hemerodromia",1
"2017-09-22","139_103_R01","Neoplasta",1
"2017-09-22","139_103_R01","Simulium",1
"2017-09-22","139_103_R01","Antocha",3
"2017-09-22","139_103_R01","Dicranota",1
"2017-09-22","139_103_R01","Hexatoma",2
"2017-09-22","139_103_R01","Dubiraphia",1
"2017-09-22","139_103_R01","Optioservus",8
"2017-09-22","139_103_R01","Promoresia",1
"2017-09-22","139_103_R01","Stenelmis",4
"2017-09-22","139_103_R01","Acari",13
"2017-09-22","139_103_R01","Ferrissia",1
"2017-09-22","139_103_R01","Oligochaeta",11
"2017-09-22","139_103_R01","Nematoda",1
"2016-09-27","139_103_R02","Baetis",1
"2016-09-27","139_103_R02","Plauditus",3
"2016-09-27","139_103_R02","Ephemerella",7
"2016-09-27","139_103_R02","Serratella",2
"2016-09-27","139_103_R02","Ephemera",1
"2016-09-27","139_103_R02","Maccaffertium",7
"2016-09-27","139_103_R02","Leptophlebiidae",4
"2016-09-27","139_103_R02","Micrasema",1
"2016-09-27","139_103_R02","Brachycentrus",2
"2016-09-27","139_103_R02","Glossosoma",2
"2016-09-27","139_103_R02","Protoptila",5
"2016-09-27","139_103_R02","Ceratopsyche",59
"2016-09-27","139_103_R02","Cheumatopsyche",23
"2016-09-27","139_103_R02","Hydroptila",10
"2016-09-27","139_103_R02","Setodes",3
"2016-09-27","139_103_R02","Nyctiophylax",1
"2016-09-27","139_103_R02","Psychomyia",3
"2016-09-27","139_103_R02","Rhyacophila",1
"2016-09-27","139_103_R02","Taeniopteryx",3
"2016-09-27","139_103_R02","Chironomini",15
"2016-09-27","139_103_R02","Tanytarsini",18
"2016-09-27","139_103_R02","Orthocladiinae",21
"2016-09-27","139_103_R02","Pentaneurini",2
"2016-09-27","139_103_R02","Hemerodromia",1
"2016-09-27","139_103_R02","Antocha",9
"2016-09-27","139_103_R02","Optioservus",9
"2016-09-27","139_103_R02","Promoresia",3
"2016-09-27","139_103_R02","Stenelmis",2
"2016-09-27","139_103_R02","Psephenus",1
"2016-09-27","139_103_R02","Acari",1
"2016-09-27","139_103_R02","Ferrissia",4
"2016-09-27","139_103_R02","Oligochaeta",4
"2017-09-07","139_103_R02","Baetidae",1
"2017-09-07","139_103_R02","Acentrella",3
"2017-09-07","139_103_R02","Baetis",6
"2017-09-07","139_103_R02","Plauditus",7
"2017-09-07","139_103_R02","Ephemerella",2
"2017-09-07","139_103_R02","Maccaffertium",15
"2017-09-07","139_103_R02","Stenacron",2
"2017-09-07","139_103_R02","Leptophlebiidae",5
"2017-09-07","139_103_R02","Glossosoma",3
"2017-09-07","139_103_R02","Helicopsyche",2
"2017-09-07","139_103_R02","Hydropsychidae",31
"2017-09-07","139_103_R02","Ceratopsyche",48
"2017-09-07","139_103_R02","Cheumatopsyche",78
"2017-09-07","139_103_R02","Hydroptila",1
"2017-09-07","139_103_R02","Dolophilodes",1
"2017-09-07","139_103_R02","Psychomyia",2
"2017-09-07","139_103_R02","Rhyacophila",3
"2017-09-07","139_103_R02","Atherix",2
"2017-09-07","139_103_R02","Chironomini",6
"2017-09-07","139_103_R02","Tanytarsini",19
"2017-09-07","139_103_R02","Orthocladiinae",21
"2017-09-07","139_103_R02","Pentaneurini",4
"2017-09-07","139_103_R02","Hemerodromia",3
"2017-09-07","139_103_R02","Simulium",1
"2017-09-07","139_103_R02","Antocha",1
"2017-09-07","139_103_R02","Optioservus",21
"2017-09-07","139_103_R02","Stenelmis",3
"2017-09-07","139_103_R02","Ophiogomphus",1
"2017-09-07","139_103_R02","Nigronia",1
"2017-09-07","139_103_R02","Acari",1
"2017-09-07","139_103_R02","Ferrissia",1
"2017-09-07","139_103_R02","Oligochaeta",2
"2017-09-07","139_103_R02","Nematoda",1
"2017-09-07","139_103_R02","Platyhelminthes",1
"2018-09-05","139_103_R02","Acerpenna",1
"2018-09-05","139_103_R02","Baetis",1
"2018-09-05","139_103_R02","Plauditus",2
"2018-09-05","139_103_R02","Caenis",19
"2018-09-05","139_103_R02","Ephemerella",4
"2018-09-05","139_103_R02","Leucrocuta",3
"2018-09-05","139_103_R02","Maccaffertium",13
"2018-09-05","139_103_R02","Isonychia",1
"2018-09-05","139_103_R02","Leptophlebiidae",2
"2018-09-05","139_103_R02","Helicopsyche",12
"2018-09-05","139_103_R02","Hydropsychidae",5
"2018-09-05","139_103_R02","Ceratopsyche",16
"2018-09-05","139_103_R02","Cheumatopsyche",57
"2018-09-05","139_103_R02","Hydroptila",1
"2018-09-05","139_103_R02","Mystacides",6
"2018-09-05","139_103_R02","Oecetis",5
"2018-09-05","139_103_R02","Setodes",3
"2018-09-05","139_103_R02","Chimarra",5
"2018-09-05","139_103_R02","Rhyacophila",3
"2018-09-05","139_103_R02","Probezzia",1
"2018-09-05","139_103_R02","Chironomini",1
"2018-09-05","139_103_R02","Tanytarsini",13
"2018-09-05","139_103_R02","Orthocladiinae",7
"2018-09-05","139_103_R02","Pentaneurini",1
"2018-09-05","139_103_R02","Antocha",1
"2018-09-05","139_103_R02","Helichus",1
"2018-09-05","139_103_R02","Dubiraphia",2
"2018-09-05","139_103_R02","Optioservus",44
"2018-09-05","139_103_R02","Stenelmis",13
"2018-09-05","139_103_R02","Psephenus",2
"2018-09-05","139_103_R02","Gomphus",2
"2018-09-05","139_103_R02","Acari",2
"2018-09-05","139_103_R02","Pisidium",2
"2018-09-05","139_103_R02","Ferrissia",6
"2018-09-05","139_103_R02","Stagnicola",1
"2018-09-05","139_103_R02","Oligochaeta",1
"2018-09-05","139_103_R02","Platyhelminthes",1
"2019-09-23","139_103_R02","Plauditus",1
"2019-09-23","139_103_R02","Caenis",4
"2019-09-23","139_103_R02","Ephemerella",2
"2019-09-23","139_103_R02","Serratella",4
"2019-09-23","139_103_R02","Ephemera",1
"2019-09-23","139_103_R02","Heptageniidae",1
"2019-09-23","139_103_R02","Leucrocuta",4
"2019-09-23","139_103_R02","Maccaffertium",14
"2019-09-23","139_103_R02","Isonychia",1
"2019-09-23","139_103_R02","Leptophlebiidae",4
"2019-09-23","139_103_R02","Helicopsyche",2
"2019-09-23","139_103_R02","Hydropsychidae",5
"2019-09-23","139_103_R02","Ceratopsyche",51
"2019-09-23","139_103_R02","Cheumatopsyche",55
"2019-09-23","139_103_R02","Hydroptila",5
"2019-09-23","139_103_R02","Mystacides",1
"2019-09-23","139_103_R02","Oecetis",2
"2019-09-23","139_103_R02","Setodes",1
"2019-09-23","139_103_R02","Chimarra",1
"2019-09-23","139_103_R02","Rhyacophila",1
"2019-09-23","139_103_R02","Taeniopteryx",6
"2019-09-23","139_103_R02","Probezzia",1
"2019-09-23","139_103_R02","Chironomini",4
"2019-09-23","139_103_R02","Tanytarsini",3
"2019-09-23","139_103_R02","Orthocladiinae",13
"2019-09-23","139_103_R02","Pentaneurini",1
"2019-09-23","139_103_R02","Hemerodromia",1
"2019-09-23","139_103_R02","Simulium",1
"2019-09-23","139_103_R02","Antocha",8
"2019-09-23","139_103_R02","Hexatoma",1
"2019-09-23","139_103_R02","Dubiraphia",2
"2019-09-23","139_103_R02","Optioservus",16
"2019-09-23","139_103_R02","Ophiogomphus",1
"2019-09-23","139_103_R02","Nigronia",1
"2019-09-23","139_103_R02","Acari",3
"2019-09-23","139_103_R02","Ferrissia",3
"2019-09-23","139_103_R02","Oligochaeta",2
"2020-09-10","139_103_R02","Acentrella",1
"2020-09-10","139_103_R02","Baetis",3
"2020-09-10","139_103_R02","Caenis",11
"2020-09-10","139_103_R02","Ephemerella",4
"2020-09-10","139_103_R02","Serratella",2
"2020-09-10","139_103_R02","Ephemera",1
"2020-09-10","139_103_R02","Leucrocuta",1
"2020-09-10","139_103_R02","Maccaffertium",13
"2020-09-10","139_103_R02","Stenacron",1
"2020-09-10","139_103_R02","Isonychia",1
"2020-09-10","139_103_R02","Leptophlebiidae",3
"2020-09-10","139_103_R02","Helicopsyche",9
"2020-09-10","139_103_R02","Hydropsychidae",11
"2020-09-10","139_103_R02","Ceratopsyche",25
"2020-09-10","139_103_R02","Cheumatopsyche",38
"2020-09-10","139_103_R02","Lepidostoma",1
"2020-09-10","139_103_R02","Oecetis",4
"2020-09-10","139_103_R02","Chimarra",7
"2020-09-10","139_103_R02","Atherix",1
"2020-09-10","139_103_R02","Probezzia",2
"2020-09-10","139_103_R02","Chironomini",4
"2020-09-10","139_103_R02","Tanytarsini",13
"2020-09-10","139_103_R02","Orthocladiinae",27
"2020-09-10","139_103_R02","Pentaneurini",1
"2020-09-10","139_103_R02","Hemerodromia",2
"2020-09-10","139_103_R02","Pericoma | Telmatoscopus",1
"2020-09-10","139_103_R02","Simulium",1
"2020-09-10","139_103_R02","Antocha",5
"2020-09-10","139_103_R02","Optioservus",18
"2020-09-10","139_103_R02","Stenelmis",11
"2020-09-10","139_103_R02","Psephenus",1
"2020-09-10","139_103_R02","Ophiogomphus",2
"2020-09-10","139_103_R02","Gammarus",2
"2020-09-10","139_103_R02","Caecidota",1
"2020-09-10","139_103_R02","Acari",1
"2020-09-10","139_103_R02","Pisidium",1
"2020-09-10","139_103_R02","Hirudinea",2
"2020-09-10","139_103_R02","Oligochaeta",6
"2021-09-13","139_103_R02","Baetis",1
"2021-09-13","139_103_R02","Plauditus",3
"2021-09-13","139_103_R02","Caenis",20
"2021-09-13","139_103_R02","Ephemerella",16
"2021-09-13","139_103_R02","Serratella",2
"2021-09-13","139_103_R02","Ephemera",2
"2021-09-13","139_103_R02","Leucrocuta",1
"2021-09-13","139_103_R02","Maccaffertium",14
"2021-09-13","139_103_R02","Leptophlebiidae",3
"2021-09-13","139_103_R02","Brachycentrus",1
"2021-09-13","139_103_R02","Helicopsyche",2
"2021-09-13","139_103_R02","Hydropsychidae",14
"2021-09-13","139_103_R02","Ceratopsyche",14
"2021-09-13","139_103_R02","Cheumatopsyche",40
"2021-09-13","139_103_R02","Hydroptila",2
"2021-09-13","139_103_R02","Oecetis",8
"2021-09-13","139_103_R02","Psychomyia",3
"2021-09-13","139_103_R02","Agnetina",1
"2021-09-13","139_103_R02","Atherix",7
"2021-09-13","139_103_R02","Probezzia",1
"2021-09-13","139_103_R02","Mallochohelea",1
"2021-09-13","139_103_R02","Chironomini",10
"2021-09-13","139_103_R02","Tanytarsini",15
"2021-09-13","139_103_R02","Orthocladiinae",11
"2021-09-13","139_103_R02","Pentaneurini",5
"2021-09-13","139_103_R02","Hemerodromia",2
"2021-09-13","139_103_R02","Antocha",4
"2021-09-13","139_103_R02","Dubiraphia",6
"2021-09-13","139_103_R02","Optioservus",32
"2021-09-13","139_103_R02","Stenelmis",4
"2021-09-13","139_103_R02","Ectopria",1
"2021-09-13","139_103_R02","Gomphus",2
"2021-09-13","139_103_R02","Ophiogomphus",2
"2021-09-13","139_103_R02","Nigronia",1
"2021-09-13","139_103_R02","Acari",3
"2021-09-13","139_103_R02","Oligochaeta",1
"2021-09-13","139_103_R02","Nematoda",1
"2021-09-13","139_103_R02","Platyhelminthes",1
"2017-09-22","139_111_R01","Acentrella",1
"2017-09-22","139_111_R01","Baetis",25
"2017-09-22","139_111_R01","Diphetor Hageni",2
"2017-09-22","139_111_R01","Ephemerellidae",1
"2017-09-22","139_111_R01","Ephemerella",25
"2017-09-22","139_111_R01","Heptageniidae",1
"2017-09-22","139_111_R01","Epeorus",8
"2017-09-22","139_111_R01","Leucrocuta",2
"2017-09-22","139_111_R01","Rhithrogena",16
"2017-09-22","139_111_R01","Leptophlebiidae",3
"2017-09-22","139_111_R01","Glossosomatidae",1
"2017-09-22","139_111_R01","Hydropsychidae",2
"2017-09-22","139_111_R01","Ceratopsyche",2
"2017-09-22","139_111_R01","Cheumatopsyche",1
"2017-09-22","139_111_R01","Lepidostoma",6
"2017-09-22","139_111_R01","Dolophilodes",17
"2017-09-22","139_111_R01","Rhyacophila",5
"2017-09-22","139_111_R01","Paracapnia",1
"2017-09-22","139_111_R01","Sweltsa",21
"2017-09-22","139_111_R01","Agnetina",4
"2017-09-22","139_111_R01","Isoperla",3
"2017-09-22","139_111_R01","Pteronarcys",1
"2017-09-22","139_111_R01","Chironomini",2
"2017-09-22","139_111_R01","Tanytarsini",10
"2017-09-22","139_111_R01","Orthocladiinae",29
"2017-09-22","139_111_R01","Tanypodinae",1
"2017-09-22","139_111_R01","Empididae",1
"2017-09-22","139_111_R01","Simulium",6
"2017-09-22","139_111_R01","Antocha",1
"2017-09-22","139_111_R01","Dicranota",1
"2017-09-22","139_111_R01","Hexatoma",3
"2017-09-22","139_111_R01","Optioservus",7
"2017-09-22","139_111_R01","Promoresia",8
"2017-09-22","139_111_R01","Decapoda",1
"2017-09-22","139_111_R01","Acari",3
"2017-09-22","139_111_R01","Ferrissia",3
"2017-09-22","139_111_R01","Oligochaeta",1
"2016-09-27","141_108_R01","Ephemerella",1
"2016-09-27","141_108_R01","Serratella",18
"2016-09-27","141_108_R01","Heptageniidae",3
"2016-09-27","141_108_R01","Leucrocuta",1
"2016-09-27","141_108_R01","Maccaffertium",5
"2016-09-27","141_108_R01","Glossosoma",1
"2016-09-27","141_108_R01","Protoptila",1
"2016-09-27","141_108_R01","Hydropsychidae",7
"2016-09-27","141_108_R01","Ceratopsyche",71
"2016-09-27","141_108_R01","Cheumatopsyche",20
"2016-09-27","141_108_R01","Hydroptila",4
"2016-09-27","141_108_R01","Leucotrichia",1
"2016-09-27","141_108_R01","Ceraclea",1
"2016-09-27","141_108_R01","Oecetis",1
"2016-09-27","141_108_R01","Chimarra",24
"2016-09-27","141_108_R01","Chironomini",84
"2016-09-27","141_108_R01","Tanytarsini",2
"2016-09-27","141_108_R01","Orthocladiinae",25
"2016-09-27","141_108_R01","Pentaneurini",4
"2016-09-27","141_108_R01","Hemerodromia",2
"2016-09-27","141_108_R01","Optioservus",29
"2016-09-27","141_108_R01","Promoresia",4
"2016-09-27","141_108_R01","Stenelmis",16
"2016-09-27","141_108_R01","Psephenus",4
"2016-09-27","141_108_R01","Acari",1
"2016-09-27","141_108_R01","Ferrissia",1
"2016-09-27","141_108_R01","Oligochaeta",4
"2017-09-26","141_108_R01","Acentrella",1
"2017-09-26","141_108_R01","Baetis",2
"2017-09-26","141_108_R01","Ephemerella",1
"2017-09-26","141_108_R01","Serratella",7
"2017-09-26","141_108_R01","Leucrocuta",1
"2017-09-26","141_108_R01","Maccaffertium",4
"2017-09-26","141_108_R01","Brachycentrus",4
"2017-09-26","141_108_R01","Hydropsychidae",33
"2017-09-26","141_108_R01","Ceratopsyche",66
"2017-09-26","141_108_R01","Cheumatopsyche",27
"2017-09-26","141_108_R01","Hydroptila",5
"2017-09-26","141_108_R01","Leucotrichia",2
"2017-09-26","141_108_R01","Chimarra",5
"2017-09-26","141_108_R01","Chironomini",8
"2017-09-26","141_108_R01","Tanytarsini",1
"2017-09-26","141_108_R01","Diamesinae",2
"2017-09-26","141_108_R01","Orthocladiinae",18
"2017-09-26","141_108_R01","Pentaneurini",1
"2017-09-26","141_108_R01","Hemerodromia",3
"2017-09-26","141_108_R01","Antocha",6
"2017-09-26","141_108_R01","Elmidae",2
"2017-09-26","141_108_R01","Optioservus",9
"2017-09-26","141_108_R01","Promoresia",3
"2017-09-26","141_108_R01","Stenelmis",7
"2017-09-26","141_108_R01","Acari",13
"2017-09-26","141_108_R01","Oligochaeta",2
"2017-09-26","141_108_R01","Nematoda",1
"2017-09-26","141_108_R01","Platyhelminthes",4
"2018-09-05","141_108_R01","Acerpenna",1
"2018-09-05","141_108_R01","Baetis",22
"2018-09-05","141_108_R01","Plauditus",6
"2018-09-05","141_108_R01","Caenis",2
"2018-09-05","141_108_R01","Serratella",8
"2018-09-05","141_108_R01","Maccaffertium",1
"2018-09-05","141_108_R01","Hydropsychidae",13
"2018-09-05","141_108_R01","Ceratopsyche",26
"2018-09-05","141_108_R01","Cheumatopsyche",17
"2018-09-05","141_108_R01","Hydroptilidae",1
"2018-09-05","141_108_R01","Hydroptila",3
"2018-09-05","141_108_R01","Leucotrichia",1
"2018-09-05","141_108_R01","Mystacides",1
"2018-09-05","141_108_R01","Chimarra",48
"2018-09-05","141_108_R01","Dolophilodes",2
"2018-09-05","141_108_R01","Neureclipsis",1
"2018-09-05","141_108_R01","Chironomini",12
"2018-09-05","141_108_R01","Tanytarsini",22
"2018-09-05","141_108_R01","Orthocladiinae",13
"2018-09-05","141_108_R01","Tanypodinae",1
"2018-09-05","141_108_R01","Pentaneurini",9
"2018-09-05","141_108_R01","Hemerodromia",2
"2018-09-05","141_108_R01","Optioservus",33
"2018-09-05","141_108_R01","Promoresia",3
"2018-09-05","141_108_R01","Stenelmis",15
"2018-09-05","141_108_R01","Psephenus",11
"2018-09-05","141_108_R01","Gammarus",2
"2018-09-05","141_108_R01","Acari",2
"2018-09-05","141_108_R01","Pisidium",1
"2018-09-05","141_108_R01","Oligochaeta",4
"2018-09-05","141_108_R01","Nematoda",1
"2019-09-20","141_108_R01","Acerpenna",1
"2019-09-20","141_108_R01","Baetis",6
"2019-09-20","141_108_R01","Caenis",2
"2019-09-20","141_108_R01","Serratella",16
"2019-09-20","141_108_R01","Maccaffertium",3
"2019-09-20","141_108_R01","Stenacron",4
"2019-09-20","141_108_R01","Hydropsychidae",7
"2019-09-20","141_108_R01","Ceratopsyche",15
"2019-09-20","141_108_R01","Cheumatopsyche",6
"2019-09-20","141_108_R01","Hydropsyche",2
"2019-09-20","141_108_R01","Hydroptila",4
"2019-09-20","141_108_R01","Oecetis",4
"2019-09-20","141_108_R01","Chimarra",9
"2019-09-20","141_108_R01","Neureclipsis",1
"2019-09-20","141_108_R01","Psychomyia",2
"2019-09-20","141_108_R01","Taeniopteryx",2
"2019-09-20","141_108_R01","Chironomini",23
"2019-09-20","141_108_R01","Tanytarsini",1
"2019-09-20","141_108_R01","Orthocladiinae",56
"2019-09-20","141_108_R01","Pentaneurini",3
"2019-09-20","141_108_R01","Hemerodromia",1
"2019-09-20","141_108_R01","Antocha",2
"2019-09-20","141_108_R01","Dubiraphia",1
"2019-09-20","141_108_R01","Optioservus",23
"2019-09-20","141_108_R01","Promoresia",2
"2019-09-20","141_108_R01","Stenelmis",8
"2019-09-20","141_108_R01","Psephenus",4
"2019-09-20","141_108_R01","Ostracoda",1
"2019-09-20","141_108_R01","Acari",6
"2019-09-20","141_108_R01","Ferrissia",2
"2019-09-20","141_108_R01","Oligochaeta",15
"2020-09-25","141_108_R01","Acentrella",1
"2020-09-25","141_108_R01","Baetis",26
"2020-09-25","141_108_R01","Caenis",1
"2020-09-25","141_108_R01","Serratella",4
"2020-09-25","141_108_R01","Maccaffertium",3
"2020-09-25","141_108_R01","Stenacron",3
"2020-09-25","141_108_R01","Brachycentridae",1
"2020-09-25","141_108_R01","Helicopsyche",13
"2020-09-25","141_108_R01","Hydropsychidae",22
"2020-09-25","141_108_R01","Ceratopsyche",28
"2020-09-25","141_108_R01","Cheumatopsyche",30
"2020-09-25","141_108_R01","Hydropsyche",1
"2020-09-25","141_108_R01","Hydroptila",1
"2020-09-25","141_108_R01","Oecetis",2
"2020-09-25","141_108_R01","Chimarra",10
"2020-09-25","141_108_R01","Dolophilodes",1
"2020-09-25","141_108_R01","Psychomyia",1
"2020-09-25","141_108_R01","Chironomini",2
"2020-09-25","141_108_R01","Tanytarsini",4
"2020-09-25","141_108_R01","Orthocladiinae",30
"2020-09-25","141_108_R01","Pentaneurini",3
"2020-09-25","141_108_R01","Hemerodromia",4
"2020-09-25","141_108_R01","Dubiraphia",1
"2020-09-25","141_108_R01","Optioservus",12
"2020-09-25","141_108_R01","Stenelmis",16
"2020-09-25","141_108_R01","Ectopria",1
"2020-09-25","141_108_R01","Psephenus",5
"2020-09-25","141_108_R01","Acari",1
"2020-09-25","141_108_R01","Oligochaeta",3
"2020-09-25","141_108_R01","Nematoda",1
"2020-09-25","141_108_R01","Platyhelminthes",1
"2021-10-06","141_108_R01","Baetis",1
"2021-10-06","141_108_R01","Caenis",5
"2021-10-06","141_108_R01","Maccaffertium",3
"2021-10-06","141_108_R01","Helicopsyche",3
"2021-10-06","141_108_R01","Hydropsychidae",5
"2021-10-06","141_108_R01","Ceratopsyche",16
"2021-10-06","141_108_R01","Cheumatopsyche",23
"2021-10-06","141_108_R01","Hydropsyche",2
"2021-10-06","141_108_R01","Hydroptila",1
"2021-10-06","141_108_R01","Chimarra",6
"2021-10-06","141_108_R01","Psychomyia",2
"2021-10-06","141_108_R01","Paragnetina",1
"2021-10-06","141_108_R01","Probezzia",2
"2021-10-06","141_108_R01","Chironomini",27
"2021-10-06","141_108_R01","Tanytarsini",4
"2021-10-06","141_108_R01","Orthocladiinae",41
"2021-10-06","141_108_R01","Pentaneurini",4
"2021-10-06","141_108_R01","Hemerodromia",1
"2021-10-06","141_108_R01","Antocha",2
"2021-10-06","141_108_R01","Tipula",2
"2021-10-06","141_108_R01","Dubiraphia",1
"2021-10-06","141_108_R01","Optioservus",12
"2021-10-06","141_108_R01","Promoresia",2
"2021-10-06","141_108_R01","Stenelmis",18
"2021-10-06","141_108_R01","Psephenus",3
"2021-10-06","141_108_R01","Gammarus",1
"2021-10-06","141_108_R01","Acari",1
"2021-10-06","141_108_R01","Oligochaeta",14
"2021-10-06","141_108_R01","Nematoda",1
"2021-10-06","141_108_R01","Platyhelminthes",3
"2020-09-15","141_124_R01","Baetis",14
"2020-09-15","141_124_R01","Plauditus",1
"2020-09-15","141_124_R01","Ephemerella",27
"2020-09-15","141_124_R01","Eurylophella",7
"2020-09-15","141_124_R01","Epeorus",3
"2020-09-15","141_124_R01","Heptagenia",2
"2020-09-15","141_124_R01","Maccaffertium",3
"2020-09-15","141_124_R01","Rhithrogena",2
"2020-09-15","141_124_R01","Leptophlebiidae",7
"2020-09-15","141_124_R01","Apatania",1
"2020-09-15","141_124_R01","Glossosoma",5
"2020-09-15","141_124_R01","Hydropsychidae",2
"2020-09-15","141_124_R01","Ceratopsyche",17
"2020-09-15","141_124_R01","Lepidostoma",41
"2020-09-15","141_124_R01","Limnephilidae",1
"2020-09-15","141_124_R01","Dolophilodes",18
"2020-09-15","141_124_R01","Sweltsa",6
"2020-09-15","141_124_R01","Leuctra",1
"2020-09-15","141_124_R01","Acroneuria",2
"2020-09-15","141_124_R01","Agnetina",3
"2020-09-15","141_124_R01","Perlodidae",1
"2020-09-15","141_124_R01","Atherix",5
"2020-09-15","141_124_R01","Tanytarsini",28
"2020-09-15","141_124_R01","Orthocladiinae",6
"2020-09-15","141_124_R01","Hexatoma",1
"2020-09-15","141_124_R01","Curculionidae",1
"2020-09-15","141_124_R01","Optioservus",9
"2020-09-15","141_124_R01","Oulimnius",12
"2020-09-15","141_124_R01","Boyeria",1
"2020-09-15","141_124_R01","Lanthus",3
"2020-09-15","141_124_R01","Oligochaeta",0
"2017-10-02","142_111_R01","Acentrella",3
"2017-10-02","142_111_R01","Ephemerella",40
"2017-10-02","142_111_R01","Serratella",29
"2017-10-02","142_111_R01","Hexagenia",1
"2017-10-02","142_111_R01","Epeorus",9
"2017-10-02","142_111_R01","Leucrocuta",1
"2017-10-02","142_111_R01","Maccaffertium",4
"2017-10-02","142_111_R01","Leptophlebiidae",22
"2017-10-02","142_111_R01","Paraleptophlebia",1
"2017-10-02","142_111_R01","Brachycentrus",2
"2017-10-02","142_111_R01","Hydropsychidae",5
"2017-10-02","142_111_R01","Ceratopsyche",36
"2017-10-02","142_111_R01","Cheumatopsyche",10
"2017-10-02","142_111_R01","Hydroptila",1
"2017-10-02","142_111_R01","Philopotamidae",1
"2017-10-02","142_111_R01","Chimarra",6
"2017-10-02","142_111_R01","Dolophilodes",6
"2017-10-02","142_111_R01","Rhyacophila",4
"2017-10-02","142_111_R01","Acroneuria",1
"2017-10-02","142_111_R01","Paragnetina",2
"2017-10-02","142_111_R01","Isoperla",1
"2017-10-02","142_111_R01","Probezzia",1
"2017-10-02","142_111_R01","Chironomini",25
"2017-10-02","142_111_R01","Tanytarsini",4
"2017-10-02","142_111_R01","Orthocladiinae",13
"2017-10-02","142_111_R01","Pentaneurini",1
"2017-10-02","142_111_R01","Chelifera",1
"2017-10-02","142_111_R01","Hemerodromia",11
"2017-10-02","142_111_R01","Antocha",4
"2017-10-02","142_111_R01","Hexatoma",2
"2017-10-02","142_111_R01","Optioservus",3
"2017-10-02","142_111_R01","Promoresia",4
"2017-10-02","142_111_R01","Stenelmis",1
"2017-10-02","142_111_R01","Psephenus",1
"2017-10-02","142_111_R01","Pisidium",1
"2021-09-03","142_120_R01","Baetidae",1
"2021-09-03","142_120_R01","Acerpenna",1
"2021-09-03","142_120_R01","Ephemerellidae",1
"2021-09-03","142_120_R01","Ephemerella",4
"2021-09-03","142_120_R01","Eurylophella",6
"2021-09-03","142_120_R01","Heptageniidae",1
"2021-09-03","142_120_R01","Leptophlebiidae",3
"2021-09-03","142_120_R01","Micrasema",2
"2021-09-03","142_120_R01","Ceratopsyche",1
"2021-09-03","142_120_R01","Hydroptila",3
"2021-09-03","142_120_R01","Lepidostoma",2
"2021-09-03","142_120_R01","Limnephilidae",1
"2021-09-03","142_120_R01","Pycnopsyche",1
"2021-09-03","142_120_R01","Dolophilodes",2
"2021-09-03","142_120_R01","Lype",1
"2021-09-03","142_120_R01","Rhyacophila",1
"2021-09-03","142_120_R01","Paracapnia",4
"2021-09-03","142_120_R01","Sweltsa",2
"2021-09-03","142_120_R01","Leuctra",1
"2021-09-03","142_120_R01","Acroneuria",1
"2021-09-03","142_120_R01","Agnetina",3
"2021-09-03","142_120_R01","Pteronarcys",2
"2021-09-03","142_120_R01","Probezzia",2
"2021-09-03","142_120_R01","Chironomini",15
"2021-09-03","142_120_R01","Tanytarsini",57
"2021-09-03","142_120_R01","Orthocladiinae",41
"2021-09-03","142_120_R01","Pentaneurini",11
"2021-09-03","142_120_R01","Pericoma | Telmatoscopus",1
"2021-09-03","142_120_R01","Tipula",2
"2021-09-03","142_120_R01","Oulimnius",34
"2021-09-03","142_120_R01","Promoresia",27
"2021-09-03","142_120_R01","Boyeria",1
"2021-09-03","142_120_R01","Cordulegaster",6
"2021-09-03","142_120_R01","Gomphidae",2
"2021-09-03","142_120_R01","Lanthus",3
"2021-09-03","142_120_R01","Nigronia",3
"2021-09-03","142_120_R01","Pisidium",2
"2021-09-03","142_120_R01","Ferrissia",18
"2021-09-03","142_120_R01","Oligochaeta",2
"2016-09-12","142_91_R01","Acentrella",1
"2016-09-12","142_91_R01","Acerpenna",3
"2016-09-12","142_91_R01","Baetis",5
"2016-09-12","142_91_R01","Procloeon",1
"2016-09-12","142_91_R01","Caenis",2
"2016-09-12","142_91_R01","Ephemerella",14
"2016-09-12","142_91_R01","Eurylophella",4
"2016-09-12","142_91_R01","Serratella",3
"2016-09-12","142_91_R01","Ephemera",1
"2016-09-12","142_91_R01","Leucrocuta",2
"2016-09-12","142_91_R01","Maccaffertium",24
"2016-09-12","142_91_R01","Stenacron",2
"2016-09-12","142_91_R01","Isonychia",5
"2016-09-12","142_91_R01","Leptophlebiidae",4
"2016-09-12","142_91_R01","Protoptila",1
"2016-09-12","142_91_R01","Goera",2
"2016-09-12","142_91_R01","Helicopsyche",4
"2016-09-12","142_91_R01","Hydropsychidae",5
"2016-09-12","142_91_R01","Ceratopsyche",50
"2016-09-12","142_91_R01","Cheumatopsyche",33
"2016-09-12","142_91_R01","Hydroptilidae",1
"2016-09-12","142_91_R01","Hydroptila",1
"2016-09-12","142_91_R01","Lepidostoma",1
"2016-09-12","142_91_R01","Oecetis",2
"2016-09-12","142_91_R01","Chimarra",2
"2016-09-12","142_91_R01","Dolophilodes",2
"2016-09-12","142_91_R01","Paracapnia",2
"2016-09-12","142_91_R01","Acroneuria",3
"2016-09-12","142_91_R01","Agnetina",2
"2016-09-12","142_91_R01","Atherix",1
"2016-09-12","142_91_R01","Chironomidae",5
"2016-09-12","142_91_R01","Chironomini",5
"2016-09-12","142_91_R01","Tanytarsini",13
"2016-09-12","142_91_R01","Diamesinae",1
"2016-09-12","142_91_R01","Orthocladiinae",32
"2016-09-12","142_91_R01","Pentaneurini",1
"2016-09-12","142_91_R01","Hemerodromia",3
"2016-09-12","142_91_R01","Simulium",1
"2016-09-12","142_91_R01","Antocha",7
"2016-09-12","142_91_R01","Hexatoma",1
"2016-09-12","142_91_R01","Tipula",1
"2016-09-12","142_91_R01","Optioservus",34
"2016-09-12","142_91_R01","Oulimnius",14
"2016-09-12","142_91_R01","Promoresia",7
"2016-09-12","142_91_R01","Stenelmis",28
"2016-09-12","142_91_R01","Psephenus",6
"2016-09-12","142_91_R01","Gammarus",3
"2016-09-12","142_91_R01","Orconectes",1
"2016-09-12","142_91_R01","Ferrissia",4
"2016-09-12","142_91_R01","Physa",1
"2016-09-12","142_91_R01","Oligochaeta",19
"2019-10-09","142_91_R01","Acentrella",2
"2019-10-09","142_91_R01","Baetis",1
"2019-10-09","142_91_R01","Caenis",10
"2019-10-09","142_91_R01","Ephemerella",7
"2019-10-09","142_91_R01","Eurylophella",8
"2019-10-09","142_91_R01","Serratella",1
"2019-10-09","142_91_R01","Ephemera",2
"2019-10-09","142_91_R01","Leucrocuta",4
"2019-10-09","142_91_R01","Maccaffertium",18
"2019-10-09","142_91_R01","Stenacron",2
"2019-10-09","142_91_R01","Stenonema",2
"2019-10-09","142_91_R01","Isonychia",1
"2019-10-09","142_91_R01","Leptophlebiidae",7
"2019-10-09","142_91_R01","Glossosoma",4
"2019-10-09","142_91_R01","Helicopsyche",3
"2019-10-09","142_91_R01","Hydropsychidae",1
"2019-10-09","142_91_R01","Ceratopsyche",1
"2019-10-09","142_91_R01","Cheumatopsyche",7
"2019-10-09","142_91_R01","Hydroptila",3
"2019-10-09","142_91_R01","Setodes",2
"2019-10-09","142_91_R01","Limnephilidae",1
"2019-10-09","142_91_R01","Hydatophylax | Pycnopsyche",2
"2019-10-09","142_91_R01","Psilotreta",2
"2019-10-09","142_91_R01","Psychomyia",2
"2019-10-09","142_91_R01","Paracapnia",9
"2019-10-09","142_91_R01","Sweltsa",1
"2019-10-09","142_91_R01","Paragnetina",2
"2019-10-09","142_91_R01","Taeniopteryx",14
"2019-10-09","142_91_R01","Atherix",2
"2019-10-09","142_91_R01","Chironomini",9
"2019-10-09","142_91_R01","Tanytarsini",8
"2019-10-09","142_91_R01","Orthocladiinae",4
"2019-10-09","142_91_R01","Tanypodinae",1
"2019-10-09","142_91_R01","Antocha",23
"2019-10-09","142_91_R01","Dubiraphia",2
"2019-10-09","142_91_R01","Optioservus",15
"2019-10-09","142_91_R01","Stenelmis",9
"2019-10-09","142_91_R01","Psephenus",8
"2019-10-09","142_91_R01","Gammarus",7
"2019-10-09","142_91_R01","Ferrissia",6
"2019-10-09","142_91_R01","Physa",1
"2019-10-09","142_91_R01","Oligochaeta",16
"2019-10-09","142_91_R01","Platyhelminthes",2
"2021-09-13","142_91_R01","Baetidae",1
"2021-09-13","142_91_R01","Acerpenna",1
"2021-09-13","142_91_R01","Baetis",3
"2021-09-13","142_91_R01","Caenis",1
"2021-09-13","142_91_R01","Ephemerella",7
"2021-09-13","142_91_R01","Serratella",4
"2021-09-13","142_91_R01","Ephemera",1
"2021-09-13","142_91_R01","Maccaffertium",5
"2021-09-13","142_91_R01","Isonychia",6
"2021-09-13","142_91_R01","Leptophlebiidae",14
"2021-09-13","142_91_R01","Glossosoma",2
"2021-09-13","142_91_R01","Helicopsyche",4
"2021-09-13","142_91_R01","Hydropsychidae",6
"2021-09-13","142_91_R01","Ceratopsyche",10
"2021-09-13","142_91_R01","Cheumatopsyche",32
"2021-09-13","142_91_R01","Hydroptila",4
"2021-09-13","142_91_R01","Oecetis",3
"2021-09-13","142_91_R01","Psilotreta",2
"2021-09-13","142_91_R01","Chimarra",3
"2021-09-13","142_91_R01","Rhyacophila",1
"2021-09-13","142_91_R01","Paracapnia",1
"2021-09-13","142_91_R01","Neoperla",1
"2021-09-13","142_91_R01","Atherix",1
"2021-09-13","142_91_R01","Chironomini",6
"2021-09-13","142_91_R01","Tanytarsini",12
"2021-09-13","142_91_R01","Orthocladiinae",12
"2021-09-13","142_91_R01","Prodiamesinae",1
"2021-09-13","142_91_R01","Pentaneurini",6
"2021-09-13","142_91_R01","Hemerodromia",4
"2021-09-13","142_91_R01","Antocha",10
"2021-09-13","142_91_R01","Optioservus",18
"2021-09-13","142_91_R01","Stenelmis",30
"2021-09-13","142_91_R01","Psephenus",8
"2021-09-13","142_91_R01","Nigronia",1
"2021-09-13","142_91_R01","Oligochaeta",9
"2021-09-13","142_91_R01","Nematoda",1
"2021-09-13","142_91_R01","Nemertea",1
"2021-09-13","142_91_R01","Platyhelminthes",1
"2017-09-21","145_102_R01","Baetis",3
"2017-09-21","145_102_R01","Plauditus",4
"2017-09-21","145_102_R01","Ephemerella",4
"2017-09-21","145_102_R01","Serratella",6
"2017-09-21","145_102_R01","Heptageniidae",1
"2017-09-21","145_102_R01","Epeorus",7
"2017-09-21","145_102_R01","Leucrocuta",5
"2017-09-21","145_102_R01","Maccaffertium",5
"2017-09-21","145_102_R01","Rhithrogena",1
"2017-09-21","145_102_R01","Isonychia",2
"2017-09-21","145_102_R01","Leptophlebiidae",12
"2017-09-21","145_102_R01","Tricorythodes",1
"2017-09-21","145_102_R01","Apatania",6
"2017-09-21","145_102_R01","Glossosoma",7
"2017-09-21","145_102_R01","Goera",1
"2017-09-21","145_102_R01","Helicopsyche",50
"2017-09-21","145_102_R01","Hydropsychidae",7
"2017-09-21","145_102_R01","Ceratopsyche",26
"2017-09-21","145_102_R01","Cheumatopsyche",15
"2017-09-21","145_102_R01","Hydroptila",3
"2017-09-21","145_102_R01","Lepidostoma",3
"2017-09-21","145_102_R01","Oecetis",1
"2017-09-21","145_102_R01","Setodes",3
"2017-09-21","145_102_R01","Chimarra",4
"2017-09-21","145_102_R01","Dolophilodes",1
"2017-09-21","145_102_R01","Rhyacophila",3
"2017-09-21","145_102_R01","Paracapnia",2
"2017-09-21","145_102_R01","Chloroperlidae",1
"2017-09-21","145_102_R01","Acroneuria",1
"2017-09-21","145_102_R01","Taeniopteryx",2
"2017-09-21","145_102_R01","Atherix",1
"2017-09-21","145_102_R01","Probezzia",3
"2017-09-21","145_102_R01","Chironomini",6
"2017-09-21","145_102_R01","Diamesinae",2
"2017-09-21","145_102_R01","Orthocladiinae",10
"2017-09-21","145_102_R01","Hexatoma",3
"2017-09-21","145_102_R01","Optioservus",12
"2017-09-21","145_102_R01","Promoresia",2
"2017-09-21","145_102_R01","Stenelmis",2
"2017-09-21","145_102_R01","Psephenus",9
"2017-09-21","145_102_R01","Ophiogomphus",1
"2017-09-21","145_102_R01","Nigronia",1
"2017-09-21","145_102_R01","Acari",1
"2017-09-21","145_102_R01","Ferrissia",9
"2017-09-21","145_102_R01","Oligochaeta",4
"2020-09-25","145_138_R01","Acentrella",1
"2020-09-25","145_138_R01","Acerpenna",1
"2020-09-25","145_138_R01","Baetis",47
"2020-09-25","145_138_R01","Ephemerella",42
"2020-09-25","145_138_R01","Epeorus",12
"2020-09-25","145_138_R01","Rhithrogena",16
"2020-09-25","145_138_R01","Leptophlebiidae",2
"2020-09-25","145_138_R01","Apatania",7
"2020-09-25","145_138_R01","Arctopsyche",2
"2020-09-25","145_138_R01","Lepidostoma",7
"2020-09-25","145_138_R01","Dolophilodes",12
"2020-09-25","145_138_R01","Rhyacophila",8
"2020-09-25","145_138_R01","Sweltsa",7
"2020-09-25","145_138_R01","Leuctra",2
"2020-09-25","145_138_R01","Perlodidae",1
"2020-09-25","145_138_R01","Isogenoides",3
"2020-09-25","145_138_R01","Atherix",5
"2020-09-25","145_138_R01","Probezzia",1
"2020-09-25","145_138_R01","Chironomini",9
"2020-09-25","145_138_R01","Tanytarsini",12
"2020-09-25","145_138_R01","Orthocladiinae",11
"2020-09-25","145_138_R01","Pentaneurini",1
"2020-09-25","145_138_R01","Wiedemannia",3
"2020-09-25","145_138_R01","Simulium",1
"2020-09-25","145_138_R01","Acari",3
"2020-09-25","145_138_R01","Oligochaeta",3
"2020-09-25","145_138_R01","Nematoda",6
"2020-09-25","145_138_R01","Platyhelminthes",2
"2018-09-18","145_141_R01","Baetis",14
"2018-09-18","145_141_R01","Ephemerella",9
"2018-09-18","145_141_R01","Epeorus",12
"2018-09-18","145_141_R01","Rhithrogena",24
"2018-09-18","145_141_R01","Leptophlebiidae",7
"2018-09-18","145_141_R01","Glossosoma",9
"2018-09-18","145_141_R01","Hydropsyche",1
"2018-09-18","145_141_R01","Lepidostoma",10
"2018-09-18","145_141_R01","Wormaldia",1
"2018-09-18","145_141_R01","Rhyacophila",9
"2018-09-18","145_141_R01","Sweltsa",26
"2018-09-18","145_141_R01","Leuctra",6
"2018-09-18","145_141_R01","Isogenoides",2
"2018-09-18","145_141_R01","Chironomini",47
"2018-09-18","145_141_R01","Tanytarsini",43
"2018-09-18","145_141_R01","Orthocladiinae",12
"2018-09-18","145_141_R01","Pentaneurini",3
"2018-09-18","145_141_R01","Hexatoma",2
"2018-09-18","145_141_R01","Optioservus",1
"2018-09-18","145_141_R01","Promoresia",1
"2018-09-18","145_141_R01","Acari",3
"2019-09-13","146_133_R01","Ameletus",2
"2019-09-13","146_133_R01","Acentrella",13
"2019-09-13","146_133_R01","Baetis",9
"2019-09-13","146_133_R01","Plauditus",3
"2019-09-13","146_133_R01","Ephemerella",3
"2019-09-13","146_133_R01","Eurylophella",2
"2019-09-13","146_133_R01","Heptagenia",3
"2019-09-13","146_133_R01","Rhithrogena",1
"2019-09-13","146_133_R01","Trichoptera",1
"2019-09-13","146_133_R01","Apatania",11
"2019-09-13","146_133_R01","Micrasema",2
"2019-09-13","146_133_R01","Brachycentrus",11
"2019-09-13","146_133_R01","Hydropsychidae",3
"2019-09-13","146_133_R01","Arctopsyche",1
"2019-09-13","146_133_R01","Ceratopsyche",2
"2019-09-13","146_133_R01","Hydroptila",1
"2019-09-13","146_133_R01","Lepidostoma",33
"2019-09-13","146_133_R01","Dolophilodes",4
"2019-09-13","146_133_R01","Rhyacophila",2
"2019-09-13","146_133_R01","Sweltsa",6
"2019-09-13","146_133_R01","Agnetina",1
"2019-09-13","146_133_R01","Isoperla",1
"2019-09-13","146_133_R01","Taeniopteryx",4
"2019-09-13","146_133_R01","Atherix",1
"2019-09-13","146_133_R01","Chironomini",2
"2019-09-13","146_133_R01","Tanytarsini",77
"2019-09-13","146_133_R01","Orthocladiinae",8
"2019-09-13","146_133_R01","Simulium",15
"2019-09-13","146_133_R01","Hexatoma",1
"2019-09-13","146_133_R01","Optioservus",3
"2019-09-13","146_133_R01","Aeshnidae",1
"2019-09-13","146_133_R01","Acari",1
"2019-09-13","146_133_R01","Oligochaeta",4
"2019-09-13","146_133_R01","Platyhelminthes",1
"2021-09-08","148_101_R01","Baetis",2
"2021-09-08","148_101_R01","Cloeon",1
"2021-09-08","148_101_R01","Plauditus",3
"2021-09-08","148_101_R01","Ephemerella",42
"2021-09-08","148_101_R01","Serratella",3
"2021-09-08","148_101_R01","Ephemera",4
"2021-09-08","148_101_R01","Leucrocuta",1
"2021-09-08","148_101_R01","Maccaffertium",18
"2021-09-08","148_101_R01","Rhithrogena",2
"2021-09-08","148_101_R01","Isonychia",1
"2021-09-08","148_101_R01","Leptophlebiidae",18
"2021-09-08","148_101_R01","Brachycentrus",1
"2021-09-08","148_101_R01","Goera",1
"2021-09-08","148_101_R01","Helicopsyche",40
"2021-09-08","148_101_R01","Hydropsychidae",9
"2021-09-08","148_101_R01","Ceratopsyche",18
"2021-09-08","148_101_R01","Cheumatopsyche",38
"2021-09-08","148_101_R01","Hydroptila",2
"2021-09-08","148_101_R01","Lepidostoma",7
"2021-09-08","148_101_R01","Mystacides",2
"2021-09-08","148_101_R01","Oecetis",1
"2021-09-08","148_101_R01","Setodes",1
"2021-09-08","148_101_R01","Chimarra",1
"2021-09-08","148_101_R01","Rhyacophila",3
"2021-09-08","148_101_R01","Agnetina",4
"2021-09-08","148_101_R01","Isoperla",1
"2021-09-08","148_101_R01","Pteronarcys",1
"2021-09-08","148_101_R01","Atherix",2
"2021-09-08","148_101_R01","Chironomini",5
"2021-09-08","148_101_R01","Tanytarsini",2
"2021-09-08","148_101_R01","Orthocladiinae",5
"2021-09-08","148_101_R01","Pentaneurini",1
"2021-09-08","148_101_R01","Hemerodromia",2
"2021-09-08","148_101_R01","Optioservus",8
"2021-09-08","148_101_R01","Ectopria",1
"2021-09-08","148_101_R01","Psephenus",4
"2021-09-08","148_101_R01","Ophiogomphus",10
"2021-09-08","148_101_R01","Argia",1
"2021-09-08","148_101_R01","Nigronia",5
"2021-09-08","148_101_R01","Acari",1
"2021-09-08","148_101_R01","Oligochaeta",3
"2021-09-08","148_101_R01","Nemertea",1
"2021-09-29","149_133_R01","Baetis",9
"2021-09-29","149_133_R01","Ephemerella",15
"2021-09-29","149_133_R01","Epeorus",6
"2021-09-29","149_133_R01","Apatania",9
"2021-09-29","149_133_R01","Micrasema",1
"2021-09-29","149_133_R01","Brachycentrus",10
"2021-09-29","149_133_R01","Limnephilidae",1
"2021-09-29","149_133_R01","Dolophilodes",3
"2021-09-29","149_133_R01","Rhyacophila",1
"2021-09-29","149_133_R01","Sweltsa",2
"2021-09-29","149_133_R01","Taeniopteryx",1
"2021-09-29","149_133_R01","Atherix",8
"2021-09-29","149_133_R01","Chironomini",15
"2021-09-29","149_133_R01","Tanytarsini",119
"2021-09-29","149_133_R01","Orthocladiinae",13
"2021-09-29","149_133_R01","Pentaneurini",1
"2021-09-29","149_133_R01","Antocha",1
"2021-09-29","149_133_R01","Hexatoma",2
"2021-09-29","149_133_R01","Elmidae",1
"2021-09-29","149_133_R01","Acari",2
"2021-09-29","149_133_R01","Limnophila",1
"2021-09-29","149_133_R01","Oligochaeta",5
"2019-09-18","149_142_R01","Baetis",25
"2019-09-18","149_142_R01","Drunella",1
"2019-09-18","149_142_R01","Ephemerella",44
"2019-09-18","149_142_R01","Heptageniidae",1
"2019-09-18","149_142_R01","Epeorus",57
"2019-09-18","149_142_R01","Leptophlebiidae",4
"2019-09-18","149_142_R01","Glossosoma",7
"2019-09-18","149_142_R01","Hydropsychidae",5
"2019-09-18","149_142_R01","Parapsyche",3
"2019-09-18","149_142_R01","Hydroptila",1
"2019-09-18","149_142_R01","Lepidostoma",3
"2019-09-18","149_142_R01","Dolophilodes",2
"2019-09-18","149_142_R01","Wormaldia",1
"2019-09-18","149_142_R01","Rhyacophila",15
"2019-09-18","149_142_R01","Sweltsa",10
"2019-09-18","149_142_R01","Leuctra",12
"2019-09-18","149_142_R01","Zapada",7
"2019-09-18","149_142_R01","Isoperla",1
"2019-09-18","149_142_R01","Orthocladiinae",28
"2019-09-18","149_142_R01","Dicranota",1
"2019-09-18","149_142_R01","Oligochaeta",2
"2019-09-18","149_142_R01","Nematoda",1
"2019-09-18","149_142_R01","Nemertea",1
"2020-09-30","154_138_R01","Acentrella",1
"2020-09-30","154_138_R01","Acerpenna",2
"2020-09-30","154_138_R01","Ephemerella",5
"2020-09-30","154_138_R01","Heptageniidae",2
"2020-09-30","154_138_R01","Epeorus",19
"2020-09-30","154_138_R01","Leucrocuta",3
"2020-09-30","154_138_R01","Maccaffertium",9
"2020-09-30","154_138_R01","Rhithrogena",80
"2020-09-30","154_138_R01","Leptophlebiidae",4
"2020-09-30","154_138_R01","Arctopsyche",1
"2020-09-30","154_138_R01","Ceratopsyche",5
"2020-09-30","154_138_R01","Lepidostoma",18
"2020-09-30","154_138_R01","Dolophilodes",2
"2020-09-30","154_138_R01","Haploperla",5
"2020-09-30","154_138_R01","Sweltsa",2
"2020-09-30","154_138_R01","Leuctra",1
"2020-09-30","154_138_R01","Perlidae",2
"2020-09-30","154_138_R01","Isoperla",2
"2020-09-30","154_138_R01","Taeniopteryx",6
"2020-09-30","154_138_R01","Probezzia",2
"2020-09-30","154_138_R01","Chironomini",29
"2020-09-30","154_138_R01","Tanytarsini",12
"2020-09-30","154_138_R01","Orthocladiinae",7
"2020-09-30","154_138_R01","Pentaneurini",3
"2020-09-30","154_138_R01","Simulium",1
"2020-09-30","154_138_R01","Acari",3
"2020-09-30","154_138_R01","Oligochaeta",0
"2020-09-30","154_138_R01","Platyhelminthes",2
"2018-08-09","86_180_R01","Acentrella",6
"2018-08-09","86_180_R01","Baetis",25
"2018-08-09","86_180_R01","Heterocloeon",3
"2018-08-09","86_180_R01","Ephemerella",15
"2018-08-09","86_180_R01","Siphlonurus",1
"2018-08-09","86_180_R01","Stactobiella",1
"2018-08-09","86_180_R01","Psychoglypha",3
"2018-08-09","86_180_R01","Rhyacophila",1
"2018-08-09","86_180_R01","Leuctra",8
"2018-08-09","86_180_R01","Tanytarsini",52
"2018-08-09","86_180_R01","Diamesinae",2
"2018-08-09","86_180_R01","Orthocladiinae",151
"2018-08-09","86_180_R01","Tanypodinae",3
"2018-08-09","86_180_R01","Pentaneurini",6
"2018-08-09","86_180_R01","Simuliidae",1
"2018-08-09","86_180_R01","Prosimulium",1
"2018-08-09","86_180_R01","Simulium",53
"2018-08-09","86_180_R01","Tipula",3
"2018-08-09","86_180_R01","Acari",85
"2018-08-09","86_180_R01","Oligochaeta",114
"2018-08-09","86_180_R01","Nematoda",3
"2018-08-09","86_180_R01","Acentrella",6
"2018-08-09","86_180_R01","Baetis",25
"2018-08-09","86_180_R01","Heterocloeon",3
"2018-08-09","86_180_R01","Ephemerella",15
"2018-08-09","86_180_R01","Siphlonurus",1
"2018-08-09","86_180_R01","Stactobiella",1
"2018-08-09","86_180_R01","Psychoglypha",3
"2018-08-09","86_180_R01","Rhyacophila",1
"2018-08-09","86_180_R01","Leuctra",8
"2018-08-09","86_180_R01","Tanytarsini",52
"2018-08-09","86_180_R01","Diamesinae",2
"2018-08-09","86_180_R01","Orthocladiinae",151
"2018-08-09","86_180_R01","Tanypodinae",3
"2018-08-09","86_180_R01","Pentaneurini",6
"2018-08-09","86_180_R01","Simuliidae",1
"2018-08-09","86_180_R01","Prosimulium",1
"2018-08-09","86_180_R01","Simulium",53
"2018-08-09","86_180_R01","Tipula",3
"2018-08-09","86_180_R01","Acari",85
"2018-08-09","86_180_R01","Oligochaeta",114
"2018-08-09","86_180_R01","Nematoda",3
"2019-09-12","99_88_R01","Acerpenna",1
"2019-09-12","99_88_R01","Baetis",1
"2019-09-12","99_88_R01","Caenis",9
"2019-09-12","99_88_R01","Ephemerella",4
"2019-09-12","99_88_R01","Eurylophella",8
"2019-09-12","99_88_R01","Maccaffertium",17
"2019-09-12","99_88_R01","Leptophlebiidae",10
"2019-09-12","99_88_R01","Micrasema",2
"2019-09-12","99_88_R01","Hydropsychidae",2
"2019-09-12","99_88_R01","Ceratopsyche",18
"2019-09-12","99_88_R01","Cheumatopsyche",9
"2019-09-12","99_88_R01","Oxyethira",1
"2019-09-12","99_88_R01","Oecetis",11
"2019-09-12","99_88_R01","Chimarra",5
"2019-09-12","99_88_R01","Rhyacophila",1
"2019-09-12","99_88_R01","Paracapnia",2
"2019-09-12","99_88_R01","Acroneuria",1
"2019-09-12","99_88_R01","Isoperla",2
"2019-09-12","99_88_R01","Taeniopteryx",2
"2019-09-12","99_88_R01","Probezzia",2
"2019-09-12","99_88_R01","Chironomini",3
"2019-09-12","99_88_R01","Tanytarsini",6
"2019-09-12","99_88_R01","Orthocladiinae",29
"2019-09-12","99_88_R01","Pentaneurini",3
"2019-09-12","99_88_R01","Hemerodromia",3
"2019-09-12","99_88_R01","Neoplasta",2
"2019-09-12","99_88_R01","Antocha",3
"2019-09-12","99_88_R01","Dubiraphia",2
"2019-09-12","99_88_R01","Promoresia",29
"2019-09-12","99_88_R01","Boyeria",1
"2019-09-12","99_88_R01","Cordulegaster",3
"2019-09-12","99_88_R01","Gomphidae",2
"2019-09-12","99_88_R01","Calopteryx",3
"2019-09-12","99_88_R01","Nigronia",1
"2019-09-12","99_88_R01","Orconectes",2
"2019-09-12","99_88_R01","Pisidium",15
"2019-09-12","99_88_R01","Oligochaeta",10
"2019-09-12","99_88_R01","Nemertea",7
